cr_publisher,publication_year,journal_business_model,n_articles,n_oa_articles,n_ta_articles
Elsevier BV,2025,Hybrid,720332,137943,34500
Elsevier BV,2025,Full OA,178150,148596,7785
Elsevier BV,2024,Hybrid,650168,122922,55190
Elsevier BV,2024,Full OA,159085,132041,8918
Elsevier BV,2023,Hybrid,579102,90362,48046
Elsevier BV,2023,Full OA,134055,111262,6510
Elsevier BV,2022,Hybrid,555595,63005,31461
Elsevier BV,2022,Full OA,115837,94810,5077
Elsevier BV,2021,Hybrid,554077,52102,19417
Elsevier BV,2021,Full OA,104880,79671,4295
Elsevier BV,2020,Full OA,90041,62994,2238
Elsevier BV,2020,Hybrid,564263,37064,7985
Elsevier BV,2019,Full OA,67107,39903,34
Elsevier BV,2019,Hybrid,530429,24986,128
Elsevier BV,2018,Hybrid,519083,22455,6
Elsevier BV,2018,Full OA,56608,29378,5
Springer Science and Business Media LLC,2025,Hybrid,336112,80687,29524
Springer Science and Business Media LLC,2025,Full OA,197188,173749,7513
Springer Science and Business Media LLC,2024,Hybrid,316995,71309,39590
Springer Science and Business Media LLC,2024,Full OA,146689,129342,7935
Springer Science and Business Media LLC,2023,Full OA,112341,99011,7919
Springer Science and Business Media LLC,2023,Hybrid,287920,57425,35292
Springer Science and Business Media LLC,2022,Full OA,108000,95582,7826
Springer Science and Business Media LLC,2022,Hybrid,288193,49904,30382
Springer Science and Business Media LLC,2021,Hybrid,277734,43109,22202
Springer Science and Business Media LLC,2021,Full OA,108274,96487,6442
Springer Science and Business Media LLC,2020,Hybrid,251848,32748,15433
Springer Science and Business Media LLC,2020,Full OA,96729,83245,5728
Springer Science and Business Media LLC,2019,Hybrid,230957,21715,5103
Springer Science and Business Media LLC,2019,Full OA,85101,72854,213
Springer Science and Business Media LLC,2018,Hybrid,224315,20337,1629
Springer Science and Business Media LLC,2018,Full OA,75962,65780,48
Wiley,2025,Hybrid,210712,74516,39627
Wiley,2025,Full OA,52981,48040,10128
Wiley,2024,Hybrid,191697,66978,43899
Wiley,2024,Full OA,42599,38531,8614
Wiley,2023,Hybrid,176807,60313,40654
Wiley,2023,Full OA,39236,35925,7249
Wiley,2022,Hybrid,195497,67794,29093
Wiley,2022,Full OA,49158,43533,5102
Wiley,2021,Hybrid,192562,45144,17578
Wiley,2021,Full OA,49325,41376,2946
Wiley,2020,Hybrid,194478,36168,12314
Wiley,2020,Full OA,44689,36488,2344
Wiley,2019,Hybrid,175592,23208,3490
Wiley,2019,Full OA,34332,26811,777
Wiley,2018,Hybrid,171789,18816,18
Wiley,2018,Full OA,31779,23960,0
MDPI AG,2025,Full OA,252737,245789,0
MDPI AG,2024,Full OA,237354,232850,0
MDPI AG,2023,Full OA,280639,277008,4
MDPI AG,2022,Full OA,296084,293139,0
MDPI AG,2021,Full OA,236752,235479,1
MDPI AG,2020,Full OA,161692,161252,0
MDPI AG,2019,Full OA,107162,106896,0
MDPI AG,2018,Full OA,65567,65277,0
Informa UK Limited,2025,Hybrid,129145,13273,9160
Informa UK Limited,2025,Full OA,29936,26554,1222
Informa UK Limited,2024,Hybrid,117151,12116,8576
Informa UK Limited,2024,Full OA,26343,23231,973
Informa UK Limited,2023,Hybrid,108540,17742,11218
Informa UK Limited,2023,Full OA,24534,21363,451
Informa UK Limited,2022,Hybrid,116074,11400,5700
Informa UK Limited,2022,Full OA,24771,20087,487
Informa UK Limited,2021,Hybrid,125201,8145,3114
Informa UK Limited,2021,Full OA,26943,19440,249
Informa UK Limited,2020,Hybrid,126042,6696,649
Informa UK Limited,2020,Full OA,24918,17133,103
Informa UK Limited,2019,Hybrid,122735,6769,0
Informa UK Limited,2019,Full OA,21581,13797,0
Informa UK Limited,2018,Hybrid,111198,5787,0
Informa UK Limited,2018,Full OA,19080,12983,0
SAGE Publications,2025,Hybrid,69656,16400,9315
SAGE Publications,2025,Full OA,16959,13846,1691
SAGE Publications,2024,Hybrid,68165,14883,8794
SAGE Publications,2024,Full OA,15861,12999,1602
SAGE Publications,2023,Hybrid,69027,14087,8831
SAGE Publications,2023,Full OA,14154,11621,1454
SAGE Publications,2022,Hybrid,72055,10342,6790
SAGE Publications,2022,Full OA,15427,12778,969
SAGE Publications,2021,Hybrid,74371,9292,5264
SAGE Publications,2021,Full OA,15187,12551,662
SAGE Publications,2020,Hybrid,75677,6941,2897
SAGE Publications,2020,Full OA,14577,11852,210
SAGE Publications,2019,Hybrid,67412,3270,56
SAGE Publications,2019,Full OA,12690,10336,9
SAGE Publications,2018,Hybrid,66560,2675,0
SAGE Publications,2018,Full OA,10717,7894,0
Institute of Electrical and Electronics Engineers (IEEE),2025,Hybrid,77016,3416,698
Institute of Electrical and Electronics Engineers (IEEE),2025,Full OA,16230,15555,2538
Institute of Electrical and Electronics Engineers (IEEE),2024,Hybrid,71728,3224,895
Institute of Electrical and Electronics Engineers (IEEE),2024,Full OA,17479,16663,849
Institute of Electrical and Electronics Engineers (IEEE),2023,Hybrid,63714,3295,986
Institute of Electrical and Electronics Engineers (IEEE),2023,Full OA,13729,12925,683
Institute of Electrical and Electronics Engineers (IEEE),2022,Hybrid,58006,3125,678
Institute of Electrical and Electronics Engineers (IEEE),2022,Full OA,12535,11883,510
Institute of Electrical and Electronics Engineers (IEEE),2021,Hybrid,53745,2458,237
Institute of Electrical and Electronics Engineers (IEEE),2021,Full OA,15131,14723,118
Institute of Electrical and Electronics Engineers (IEEE),2020,Hybrid,51433,2151,15
Institute of Electrical and Electronics Engineers (IEEE),2020,Full OA,20158,19801,1
Institute of Electrical and Electronics Engineers (IEEE),2019,Hybrid,44352,1276,3
Institute of Electrical and Electronics Engineers (IEEE),2019,Full OA,16991,16241,0
Institute of Electrical and Electronics Engineers (IEEE),2018,Hybrid,42211,911,2
Institute of Electrical and Electronics Engineers (IEEE),2018,Full OA,8349,7632,0
Frontiers Media SA,2025,Full OA,79929,77019,0
Frontiers Media SA,2024,Full OA,66571,63777,0
Frontiers Media SA,2023,Full OA,82557,79973,0
Frontiers Media SA,2022,Full OA,119820,118250,11
Frontiers Media SA,2021,Full OA,82557,81824,4
Frontiers Media SA,2020,Full OA,46880,46200,1
Frontiers Media SA,2019,Full OA,32715,32146,0
Frontiers Media SA,2018,Full OA,28760,28231,0
American Chemical Society (ACS),2025,Hybrid,75893,14302,4921
American Chemical Society (ACS),2025,Full OA,7287,6540,648
American Chemical Society (ACS),2024,Hybrid,69025,12123,5438
American Chemical Society (ACS),2024,Full OA,5773,5203,654
American Chemical Society (ACS),2023,Hybrid,60409,9716,5421
American Chemical Society (ACS),2023,Full OA,5523,5062,551
American Chemical Society (ACS),2022,Hybrid,56431,6449,3770
American Chemical Society (ACS),2022,Full OA,5351,5166,269
American Chemical Society (ACS),2021,Hybrid,57490,4972,2495
American Chemical Society (ACS),2021,Full OA,4203,3977,130
American Chemical Society (ACS),2020,Hybrid,55904,4155,1620
American Chemical Society (ACS),2020,Full OA,3815,3547,86
American Chemical Society (ACS),2019,Hybrid,54334,2296,233
American Chemical Society (ACS),2019,Full OA,2811,2584,4
American Chemical Society (ACS),2018,Hybrid,50280,1607,0
American Chemical Society (ACS),2018,Full OA,2254,2043,0
Ovid Technologies (Wolters Kluwer Health),2025,Hybrid,59568,10713,556
Ovid Technologies (Wolters Kluwer Health),2025,Full OA,26311,13894,353
Ovid Technologies (Wolters Kluwer Health),2024,Hybrid,50120,8614,589
Ovid Technologies (Wolters Kluwer Health),2024,Full OA,15060,9784,302
Ovid Technologies (Wolters Kluwer Health),2023,Hybrid,44516,6292,539
Ovid Technologies (Wolters Kluwer Health),2023,Full OA,11333,8178,240
Ovid Technologies (Wolters Kluwer Health),2022,Hybrid,44957,4817,361
Ovid Technologies (Wolters Kluwer Health),2022,Full OA,10982,8236,169
Ovid Technologies (Wolters Kluwer Health),2021,Hybrid,47434,3811,175
Ovid Technologies (Wolters Kluwer Health),2021,Full OA,11281,9231,93
Ovid Technologies (Wolters Kluwer Health),2020,Hybrid,51639,3058,21
Ovid Technologies (Wolters Kluwer Health),2020,Full OA,11659,9559,98
Ovid Technologies (Wolters Kluwer Health),2019,Hybrid,46236,2596,3
Ovid Technologies (Wolters Kluwer Health),2019,Full OA,10207,8451,33
Ovid Technologies (Wolters Kluwer Health),2018,Hybrid,44494,2296,0
Ovid Technologies (Wolters Kluwer Health),2018,Full OA,9185,7154,0
Oxford University Press (OUP),2025,Hybrid,38629,12077,5706
Oxford University Press (OUP),2025,Full OA,17217,15953,2085
Oxford University Press (OUP),2024,Hybrid,38996,12045,6030
Oxford University Press (OUP),2024,Full OA,20978,19245,2698
Oxford University Press (OUP),2023,Full OA,19715,15096,2375
Oxford University Press (OUP),2023,Hybrid,38568,11174,5193
Oxford University Press (OUP),2022,Hybrid,37321,7617,3315
Oxford University Press (OUP),2022,Full OA,18737,12901,1806
Oxford University Press (OUP),2021,Hybrid,42627,7035,2484
Oxford University Press (OUP),2021,Full OA,18526,12338,1545
Oxford University Press (OUP),2020,Full OA,18490,10831,347
Oxford University Press (OUP),2020,Hybrid,45370,5472,464
Oxford University Press (OUP),2019,Hybrid,40803,3729,53
Oxford University Press (OUP),2019,Full OA,15092,7993,47
Oxford University Press (OUP),2018,Hybrid,40955,3411,0
Oxford University Press (OUP),2018,Full OA,13755,6645,0
IOP Publishing,2025,Hybrid,28484,5708,743
IOP Publishing,2025,Full OA,3452,2595,116
IOP Publishing,2024,Hybrid,33011,10239,1931
IOP Publishing,2024,Full OA,4792,3630,545
IOP Publishing,2023,Hybrid,27182,13033,2586
IOP Publishing,2023,Full OA,3884,3147,763
IOP Publishing,2022,Hybrid,27010,3301,1411
IOP Publishing,2022,Full OA,3687,3061,559
IOP Publishing,2021,Hybrid,47787,2249,670
IOP Publishing,2021,Full OA,4365,3597,192
IOP Publishing,2020,Hybrid,41059,2087,542
IOP Publishing,2020,Full OA,4885,4084,176
IOP Publishing,2019,Full OA,7349,2042,0
IOP Publishing,2019,Hybrid,38308,1298,0
IOP Publishing,2018,Hybrid,29975,1200,0
IOP Publishing,2018,Full OA,4927,1654,0
Royal Society of Chemistry (RSC),2025,Hybrid,28170,6820,2531
Royal Society of Chemistry (RSC),2025,Full OA,8532,4950,361
Royal Society of Chemistry (RSC),2024,Hybrid,29506,6459,2992
Royal Society of Chemistry (RSC),2024,Full OA,8279,4654,285
Royal Society of Chemistry (RSC),2023,Hybrid,29029,4893,2233
Royal Society of Chemistry (RSC),2023,Full OA,7046,4408,118
Royal Society of Chemistry (RSC),2022,Hybrid,28415,3705,1982
Royal Society of Chemistry (RSC),2022,Full OA,6619,4727,90
Royal Society of Chemistry (RSC),2021,Hybrid,28679,3251,587
Royal Society of Chemistry (RSC),2021,Full OA,6798,5308,91
Royal Society of Chemistry (RSC),2020,Hybrid,30183,3024,0
Royal Society of Chemistry (RSC),2020,Full OA,7230,5737,0
Royal Society of Chemistry (RSC),2019,Hybrid,29517,2435,0
Royal Society of Chemistry (RSC),2019,Full OA,6198,5022,0
Royal Society of Chemistry (RSC),2018,Hybrid,28392,1978,0
Royal Society of Chemistry (RSC),2018,Full OA,5913,4803,0
Walter de Gruyter GmbH,2025,Hybrid,21131,6536,1041
Walter de Gruyter GmbH,2025,Full OA,9368,4849,97
Walter de Gruyter GmbH,2024,Full OA,10323,5445,107
Walter de Gruyter GmbH,2024,Hybrid,25177,8789,1230
Walter de Gruyter GmbH,2023,Hybrid,23371,7034,1104
Walter de Gruyter GmbH,2023,Full OA,10066,5183,94
Walter de Gruyter GmbH,2022,Full OA,9892,5007,85
Walter de Gruyter GmbH,2022,Hybrid,22157,4666,969
Walter de Gruyter GmbH,2021,Hybrid,23440,3798,500
Walter de Gruyter GmbH,2021,Full OA,9725,5004,72
Walter de Gruyter GmbH,2020,Hybrid,23275,2933,126
Walter de Gruyter GmbH,2020,Full OA,9906,5139,37
Walter de Gruyter GmbH,2019,Hybrid,23621,2117,4
Walter de Gruyter GmbH,2019,Full OA,8678,4370,0
Walter de Gruyter GmbH,2018,Hybrid,24335,1824,0
Walter de Gruyter GmbH,2018,Full OA,8536,4164,0
AIP Publishing,2025,Hybrid,27607,3895,1022
AIP Publishing,2025,Full OA,3119,2641,28
AIP Publishing,2024,Hybrid,32386,4093,1277
AIP Publishing,2024,Full OA,2933,2594,38
AIP Publishing,2023,Hybrid,34115,2374,1167
AIP Publishing,2023,Full OA,2318,2110,20
AIP Publishing,2022,Hybrid,22252,1726,889
AIP Publishing,2022,Full OA,1816,1750,0
AIP Publishing,2021,Hybrid,18410,1301,525
AIP Publishing,2021,Full OA,2065,1981,0
AIP Publishing,2020,Hybrid,21081,713,99
AIP Publishing,2020,Full OA,2005,1938,0
AIP Publishing,2019,Hybrid,19582,488,0
AIP Publishing,2019,Full OA,1955,1879,0
AIP Publishing,2018,Hybrid,11695,483,0
AIP Publishing,2018,Full OA,1958,1921,0
Egypts Presidential Specialized Council for Education and Scientific Research,2024,Full OA,1096,97,0
Egypts Presidential Specialized Council for Education and Scientific Research,2024,Hybrid,1394,14,0
Egypts Presidential Specialized Council for Education and Scientific Research,2023,Full OA,14825,2165,0
Egypts Presidential Specialized Council for Education and Scientific Research,2023,Hybrid,19407,63,0
Egypts Presidential Specialized Council for Education and Scientific Research,2022,Full OA,16107,2082,0
Egypts Presidential Specialized Council for Education and Scientific Research,2022,Hybrid,21058,215,0
Egypts Presidential Specialized Council for Education and Scientific Research,2021,Full OA,16866,2555,0
Egypts Presidential Specialized Council for Education and Scientific Research,2021,Hybrid,19471,172,0
Egypts Presidential Specialized Council for Education and Scientific Research,2020,Full OA,13191,1949,0
Egypts Presidential Specialized Council for Education and Scientific Research,2020,Hybrid,16002,112,0
Egypts Presidential Specialized Council for Education and Scientific Research,2019,Full OA,10695,1697,0
Egypts Presidential Specialized Council for Education and Scientific Research,2019,Hybrid,14408,62,0
Egypts Presidential Specialized Council for Education and Scientific Research,2018,Full OA,9215,1350,0
Egypts Presidential Specialized Council for Education and Scientific Research,2018,Hybrid,11864,43,0
Cambridge University Press (CUP),2025,Hybrid,18214,10734,5094
Cambridge University Press (CUP),2025,Full OA,4574,2397,931
Cambridge University Press (CUP),2024,Hybrid,16519,8894,3952
Cambridge University Press (CUP),2024,Full OA,3919,2623,888
Cambridge University Press (CUP),2023,Full OA,3954,2815,1204
Cambridge University Press (CUP),2023,Hybrid,17526,8505,4678
Cambridge University Press (CUP),2022,Hybrid,18043,6892,3903
Cambridge University Press (CUP),2022,Full OA,3853,2794,1162
Cambridge University Press (CUP),2021,Full OA,3715,2305,577
Cambridge University Press (CUP),2021,Hybrid,19499,4931,2020
Cambridge University Press (CUP),2020,Hybrid,19117,2851,317
Cambridge University Press (CUP),2020,Full OA,3924,1952,108
Cambridge University Press (CUP),2019,Hybrid,17976,1276,23
Cambridge University Press (CUP),2019,Full OA,3211,1355,0
Cambridge University Press (CUP),2018,Hybrid,17633,918,9
Cambridge University Press (CUP),2018,Full OA,3198,861,0
American Physical Society (APS),2025,Hybrid,20747,5738,1987
American Physical Society (APS),2025,Full OA,2506,2166,97
American Physical Society (APS),2024,Hybrid,18845,4709,1094
American Physical Society (APS),2024,Full OA,2370,2088,105
American Physical Society (APS),2023,Hybrid,18020,4248,963
American Physical Society (APS),2023,Full OA,1850,1625,81
American Physical Society (APS),2022,Hybrid,17662,3364,310
American Physical Society (APS),2022,Full OA,1830,1634,52
American Physical Society (APS),2021,Hybrid,17275,3158,293
American Physical Society (APS),2021,Full OA,1838,1644,63
American Physical Society (APS),2020,Hybrid,19438,3560,0
American Physical Society (APS),2020,Full OA,2678,2427,0
American Physical Society (APS),2019,Hybrid,19287,2981,0
American Physical Society (APS),2019,Full OA,938,668,0
American Physical Society (APS),2018,Hybrid,19265,2847,0
American Physical Society (APS),2018,Full OA,549,355,0
Public Library of Science (PLoS),2025,Full OA,23844,23508,0
Public Library of Science (PLoS),2024,Full OA,21291,21156,0
Public Library of Science (PLoS),2023,Full OA,18940,18940,0
Public Library of Science (PLoS),2022,Full OA,19864,19864,0
Public Library of Science (PLoS),2021,Full OA,20215,20215,0
Public Library of Science (PLoS),2020,Full OA,19659,19659,0
Public Library of Science (PLoS),2019,Full OA,18476,18472,0
Public Library of Science (PLoS),2018,Full OA,20987,20931,0
Emerald,2025,Hybrid,21093,1392,375
Emerald,2025,Full OA,1454,117,0
Emerald,2024,Hybrid,19842,1519,576
Emerald,2024,Full OA,1371,106,1
Emerald,2023,Hybrid,18110,1396,655
Emerald,2023,Full OA,1227,110,1
Emerald,2022,Hybrid,17527,1300,603
Emerald,2022,Full OA,1146,158,3
Emerald,2021,Hybrid,19764,1150,568
Emerald,2021,Full OA,1271,113,3
Emerald,2020,Hybrid,18510,823,164
Emerald,2020,Full OA,992,150,3
Emerald,2019,Hybrid,17699,606,0
Emerald,2019,Full OA,902,130,0
Emerald,2018,Hybrid,16740,550,0
Emerald,2018,Full OA,723,141,0
Other,2025,Hybrid,2058621,415533,5780
Other,2025,Full OA,511298,153722,3631
Other,2024,Hybrid,2015872,357917,5621
Other,2024,Full OA,541140,159732,3488
Other,2023,Hybrid,1806036,283215,5559
Other,2023,Full OA,523332,153861,3379
Other,2022,Hybrid,1616229,205439,4393
Other,2022,Full OA,507469,153630,3035
Other,2021,Hybrid,1546716,169691,2236
Other,2021,Full OA,521223,150327,1237
Other,2020,Hybrid,1435333,134861,712
Other,2020,Full OA,486412,137696,631
Other,2019,Hybrid,1290891,117523,150
Other,2019,Full OA,431916,121806,218
Other,2018,Hybrid,1183818,122844,0
Other,2018,Full OA,409693,112399,0
