country_code,publication_year,n_articles,n_oa_articles,n_ta_articles
NA,2025,1840346,418570,27
FR,2025,53995,22286,18509
DZ,2025,8176,2041,93
ID,2025,337695,101611,289
TH,2025,19453,9225,235
CN,2025,828437,310517,53757
KZ,2025,8711,3866,116
RU,2025,79278,18352,864
IN,2025,197100,41075,1278
GB,2025,105078,59597,47355
ES,2025,69280,33527,3289
IT,2025,74573,45024,13109
US,2025,441472,168734,21725
SA,2025,28623,14580,639
TR,2025,87559,24354,11835
VN,2025,15533,4560,290
KR,2025,66845,31050,1738
PL,2025,46713,21585,1262
AU,2025,53346,29618,26964
BG,2025,5344,2373,148
JP,2025,87257,37107,11268
HK,2025,13628,5512,1387
CZ,2025,13958,6599,3331
DE,2025,92145,57359,43531
ZA,2025,20654,12166,5503
IL,2025,12978,7240,4627
MD,2025,947,255,34
NL,2025,30890,20025,14600
IE,2025,9454,4912,4584
QA,2025,3034,1879,86
CH,2025,21371,13619,9432
PT,2025,17650,9109,1630
SS,2025,456,216,144
CO,2025,13891,4668,1275
FI,2025,11620,7340,6017
HU,2025,12175,6179,2484
CL,2025,12926,4160,191
SE,2025,19794,14296,12721
CA,2025,61501,29958,12103
MX,2025,31835,12036,316
BR,2025,115372,27133,760
EC,2025,16985,6599,40
NG,2025,22140,6959,254
UA,2025,19745,4682,197
DK,2025,13356,7753,4760
MY,2025,29082,9899,350
GR,2025,13865,8219,182
TW,2025,25267,11335,227
BY,2025,2665,588,75
RO,2025,13787,8595,140
PE,2025,9549,2795,41
AT,2025,13300,8412,6363
PK,2025,36815,13464,281
IR,2025,48941,19761,303
EG,2025,27590,10272,324
SG,2025,11276,3963,378
SI,2025,4721,2641,721
GE,2025,1554,403,11
AZ,2025,3474,1159,118
NZ,2025,7476,3808,3299
SK,2025,5361,2556,1066
KH,2025,1427,563,106
PH,2025,9536,3503,99
ML,2025,225,90,7
CY,2025,2948,1378,244
MA,2025,10800,3211,207
NO,2025,12851,7424,3999
BO,2025,1202,337,19
NE,2025,178,84,1
TD,2025,81,27,6
PY,2025,1028,240,3
HR,2025,6156,2399,46
JO,2025,6406,2719,83
IQ,2025,19398,6104,103
MK,2025,1415,447,247
AR,2025,12868,2856,125
PA,2025,1907,722,17
ME,2025,792,256,33
MZ,2025,673,272,28
BE,2025,16314,6356,732
ET,2025,9512,5839,213
LI,2025,55,29,13
CR,2025,3569,996,61
OM,2025,1984,722,31
YE,2025,1590,505,16
LY,2025,1596,794,14
LB,2025,2701,1302,59
BD,2025,15204,5809,349
BH,2025,697,294,29
GH,2025,5588,2334,106
MG,2025,261,106,8
AE,2025,7300,3314,138
RS,2025,6237,2621,60
BJ,2025,686,305,31
TN,2025,6610,2031,145
CM,2025,2484,860,63
TZ,2025,3941,1594,73
UG,2025,2983,1511,86
KE,2025,5703,1927,145
UZ,2025,5941,1591,46
BW,2025,611,289,67
MQ,2025,83,49,25
CI,2025,774,307,20
AM,2025,2079,597,37
NP,2025,6887,2150,65
PG,2025,153,61,3
MW,2025,699,323,37
EE,2025,1922,909,75
PS,2025,1707,893,23
BF,2025,733,300,17
MO,2025,3815,1648,45
LT,2025,3710,1831,188
LU,2025,965,479,47
GY,2025,99,34,2
DO,2025,544,223,6
CD,2025,789,339,15
VE,2025,1223,345,12
SD,2025,1252,551,44
KW,2025,1708,844,24
BI,2025,293,109,41
IS,2025,885,381,41
FJ,2025,283,113,3
RW,2025,1443,653,30
LV,2025,2090,1010,38
MN,2025,1345,489,23
SY,2025,975,566,8
SN,2025,660,223,23
UY,2025,1868,414,26
SO,2025,567,338,7
ZM,2025,1332,496,31
VC,2025,20,6,0
SL,2025,170,75,5
GF,2025,115,46,15
SC,2025,42,17,1
SV,2025,524,100,0
AG,2025,958,356,90
GD,2025,132,51,1
LK,2025,2562,966,95
BA,2025,1511,432,4
TJ,2025,2101,499,9
KG,2025,1103,194,10
NI,2025,651,210,5
BN,2025,542,159,5
MM,2025,636,249,15
TT,2025,270,95,6
TL,2025,174,57,0
KP,2025,327,73,5
MV,2025,207,66,4
AF,2025,840,398,2
AL,2025,1083,395,9
PR,2025,1239,484,41
HN,2025,396,141,3
KN,2025,281,103,10
ZW,2025,1508,479,50
CU,2025,1111,352,15
MT,2025,577,278,26
NC,2025,48,24,16
RE,2025,179,87,65
MC,2025,60,20,9
TG,2025,393,166,7
GT,2025,669,240,3
GA,2025,114,66,11
HT,2025,30,12,1
NA,2025,360,206,40
XK,2025,613,198,5
GP,2025,112,47,22
LA,2025,271,67,14
BS,2025,43,6,1
GN,2025,144,48,0
CW,2025,52,20,3
PF,2025,44,17,20
LR,2025,51,23,0
CV,2025,32,12,1
CG,2025,239,144,6
AO,2025,293,70,1
GL,2025,36,29,7
GW,2025,47,19,9
GU,2025,62,30,1
TM,2025,99,41,3
ER,2025,23,14,1
JM,2025,136,45,3
SR,2025,46,10,0
FO,2025,49,22,1
BB,2025,74,25,3
ST,2025,49,13,0
BT,2025,138,86,3
MU,2025,188,39,7
LS,2025,88,39,3
GM,2025,185,86,12
JE,2025,14,8,6
SM,2025,30,13,2
SZ,2025,76,27,3
DJ,2025,30,12,5
MR,2025,57,24,2
TC,2025,34,1,0
KY,2025,18,7,0
VI,2025,18,4,0
TO,2025,29,13,1
LC,2025,16,7,0
AD,2025,12,5,1
CF,2025,32,11,1
BM,2025,13,3,1
GI,2025,18,7,3
VA,2025,16,2,0
AW,2025,10,4,0
KI,2025,3,2,0
BZ,2025,22,3,0
SX,2025,22,5,0
WS,2025,11,2,0
SJ,2025,12,11,4
FK,2025,7,1,0
MP,2025,4,1,0
PW,2025,3,2,0
VG,2025,20,2,0
FM,2025,5,1,0
NU,2025,8,1,0
DM,2025,14,6,0
TV,2025,1,1,0
MS,2025,2,1,0
VU,2025,7,0,0
IM,2025,9,2,1
AS,2025,27,12,0
CK,2025,1,1,0
BQ,2025,1,0,0
SB,2025,3,0,0
AX,2025,2,0,0
ID,2024,364483,102554,302
HU,2024,12454,6027,3171
UZ,2024,6641,1753,35
NA,2024,1513477,277953,20
YE,2024,1494,463,13
MX,2024,32580,10475,319
TR,2024,80117,20942,10401
IN,2024,207013,37716,1279
ZA,2024,20181,11873,6081
CN,2024,781402,274383,6609
US,2024,436580,160020,19472
PH,2024,8199,2102,68
AU,2024,54073,31361,26391
IL,2024,13439,6625,3520
IQ,2024,20984,6645,111
ES,2024,73267,35728,20572
DE,2024,96085,60143,46122
SE,2024,21056,15697,13011
PT,2024,19818,10184,5445
TW,2024,23991,10742,223
GR,2024,14083,7218,2225
PL,2024,47753,20929,5003
CO,2024,15925,4427,1539
EG,2024,32186,10867,385
IT,2024,76817,46267,22411
RU,2024,98050,18901,904
MY,2024,31035,9257,339
BR,2024,126427,24758,997
CZ,2024,14120,6450,3053
FR,2024,60342,23352,20060
CA,2024,63632,30321,17223
HK,2024,12843,4743,1178
CY,2024,2738,1240,211
GB,2024,106731,62923,50406
SG,2024,11046,3830,345
NO,2024,13406,8847,5432
KR,2024,68467,30743,1923
FI,2024,12103,8043,5977
CH,2024,22545,14706,10020
NL,2024,33135,22516,16531
JP,2024,92994,36578,11522
MN,2024,1203,491,21
JO,2024,6851,2675,66
HR,2024,6448,2200,56
SA,2024,29182,14268,661
BD,2024,13337,5019,289
IR,2024,52566,18880,399
EC,2024,14311,4306,101
UA,2024,26108,4784,216
NZ,2024,7767,4060,3212
RO,2024,13005,7038,131
LB,2024,2806,1228,118
MK,2024,1105,235,103
KE,2024,5486,1926,133
IE,2024,9670,5065,4748
DK,2024,14590,8870,5511
CU,2024,1351,309,23
PK,2024,31707,10099,288
AT,2024,13780,8809,6497
RS,2024,6511,2480,71
PE,2024,9755,2477,36
AL,2024,1008,319,6
VE,2024,1409,282,12
AM,2024,2011,412,15
TT,2024,253,78,2
ET,2024,9976,6329,228
TJ,2024,2648,630,6
TG,2024,407,123,9
MA,2024,11280,3029,198
AE,2024,6806,2991,130
LT,2024,3943,1844,170
QA,2024,2839,1686,79
CL,2024,13194,3994,273
CR,2024,3114,642,31
GT,2024,696,207,6
AZ,2024,2970,863,67
VN,2024,14373,4177,234
TH,2024,17846,8111,210
GH,2024,5502,2483,120
ZM,2024,1036,366,34
LY,2024,1091,502,12
CM,2024,2803,888,75
KH,2024,1221,369,67
NG,2024,21588,6634,338
IS,2024,870,354,54
TN,2024,6785,2123,165
MD,2024,958,212,10
KZ,2024,8083,2939,71
DZ,2024,8327,1814,92
BH,2024,705,217,27
NP,2024,6755,1646,44
SK,2024,5223,2315,892
KW,2024,1724,681,39
EE,2024,1748,743,65
AR,2024,13223,2304,226
TZ,2024,3574,1453,84
BE,2024,17042,6695,903
GM,2024,166,79,18
LV,2024,2159,884,34
BG,2024,5220,1841,58
UG,2024,2655,1284,65
LC,2024,48,33,0
BW,2024,536,241,98
MO,2024,3118,1167,27
SS,2024,448,126,84
RW,2024,1012,467,30
LA,2024,224,54,9
PS,2024,1352,575,36
ZW,2024,1124,362,38
SI,2024,4644,2422,874
MM,2024,536,177,14
LK,2024,2707,858,123
UY,2024,1955,410,27
MT,2024,558,232,22
GA,2024,159,82,15
BY,2024,2473,436,43
BO,2024,1188,227,24
MW,2024,606,305,52
CW,2024,83,15,8
GF,2024,114,55,19
BN,2024,487,168,7
MZ,2024,922,243,36
PY,2024,961,147,2
XK,2024,657,244,9
SO,2024,420,225,2
MU,2024,196,45,7
GE,2024,1406,349,9
PA,2024,1520,337,19
SD,2024,1231,465,30
LU,2024,1074,558,65
OM,2024,1868,590,32
ME,2024,464,119,14
BJ,2024,768,249,25
BF,2024,816,280,17
BA,2024,1646,408,9
ST,2024,74,23,4
PR,2024,1064,375,30
KG,2024,835,148,5
SV,2024,478,100,3
HN,2024,387,97,5
AG,2024,543,139,22
CD,2024,754,255,19
SN,2024,766,252,27
GY,2024,176,33,2
NE,2024,233,75,1
KN,2024,154,51,5
CI,2024,737,194,34
GP,2024,91,42,25
DO,2024,390,107,5
SJ,2024,19,14,4
KY,2024,18,6,3
FJ,2024,251,110,6
SM,2024,19,9,2
RE,2024,181,80,56
SY,2024,972,511,4
MG,2024,254,99,17
LS,2024,87,39,3
DJ,2024,33,22,2
GN,2024,166,37,3
BI,2024,280,84,37
MQ,2024,62,30,15
AF,2024,795,246,6
BT,2024,122,48,4
CG,2024,250,62,5
GU,2024,48,16,1
TM,2024,108,56,0
AO,2024,213,45,6
ML,2024,271,92,5
AS,2024,17,2,0
KP,2024,117,27,1
LI,2024,69,34,9
PG,2024,89,28,5
TL,2024,150,46,1
CV,2024,31,15,1
NA,2024,312,147,48
MR,2024,50,24,3
CF,2024,41,14,0
PF,2024,41,14,14
MV,2024,160,41,7
MC,2024,49,19,2
TC,2024,39,1,0
NI,2024,546,104,6
GD,2024,199,37,1
VI,2024,23,7,0
FO,2024,67,27,11
PW,2024,10,1,0
SR,2024,42,10,2
DM,2024,4,1,0
TD,2024,88,24,3
SZ,2024,63,25,4
GL,2024,62,37,12
SX,2024,43,2,0
JM,2024,167,43,4
LR,2024,52,21,0
NC,2024,59,32,21
SL,2024,192,82,3
GW,2024,42,12,5
MS,2024,5,2,0
BB,2024,117,32,1
HT,2024,66,24,5
ER,2024,35,18,3
VU,2024,12,3,1
BZ,2024,17,1,1
IM,2024,3,2,0
SC,2024,33,15,5
GI,2024,12,3,1
BM,2024,13,7,1
TO,2024,14,7,1
SB,2024,2,1,1
BS,2024,43,10,2
WS,2024,14,7,1
VA,2024,20,4,0
VC,2024,8,2,1
MP,2024,6,2,0
AD,2024,12,7,1
JE,2024,8,2,0
AW,2024,16,5,1
NU,2024,7,1,0
FK,2024,7,5,1
AX,2024,1,1,0
GQ,2024,4,3,0
FM,2024,1,0,0
MF,2024,3,1,0
VG,2024,11,2,0
NA,2023,1053940,158611,13
ID,2023,350558,87425,280
TR,2023,89334,16906,3435
RU,2023,118129,23208,761
PE,2023,10251,2076,33
ES,2023,79203,37098,20630
DE,2023,103829,58838,38452
IQ,2023,21915,6491,102
CN,2023,744593,263356,5274
AT,2023,14579,9355,6496
GB,2023,113890,67295,52681
US,2023,461781,156168,22994
CA,2023,68859,27598,8722
AG,2023,497,70,28
IR,2023,56721,18411,315
PL,2023,52885,21806,5217
BR,2023,129937,24749,795
SA,2023,30245,15223,597
RO,2023,14487,6616,99
JO,2023,6641,2422,47
GR,2023,15083,7667,1957
JP,2023,97282,35891,6859
KR,2023,72197,31295,1558
CZ,2023,15807,6600,2811
AU,2023,57603,33138,28372
IT,2023,82056,49315,23222
BE,2023,18826,7051,846
FR,2023,67994,21461,10103
HU,2023,13317,6103,2632
IN,2023,203437,38352,746
UA,2023,32617,5252,189
TZ,2023,3027,1102,75
NL,2023,36737,24817,18015
PK,2023,31963,10988,218
PT,2023,22501,11317,6054
KZ,2023,7619,2277,44
SE,2023,22318,16568,13698
NO,2023,14755,9586,5836
IE,2023,10602,5600,5004
IL,2023,14554,6375,2313
CO,2023,17058,4040,1590
MY,2023,32912,9378,333
SI,2023,4818,2514,1057
AR,2023,14693,2477,173
EG,2023,36202,12605,369
CH,2023,24785,15319,9766
FI,2023,12605,8342,5877
SK,2023,6011,2380,951
ZA,2023,19883,11199,4534
DK,2023,15704,8989,5219
NP,2023,6333,1255,48
NZ,2023,8956,4609,3696
TN,2023,6798,1868,103
TW,2023,25640,11240,166
CL,2023,13874,3815,244
RS,2023,7640,2333,54
MX,2023,32434,9323,210
NG,2023,23835,6765,259
VN,2023,13534,3680,216
BG,2023,5486,1802,71
LB,2023,2783,1048,76
MZ,2023,1235,249,25
UZ,2023,6475,1044,25
MD,2023,1280,228,7
KW,2023,1684,638,30
TH,2023,16867,7553,187
NC,2023,69,39,5
PR,2023,1090,368,19
HK,2023,12517,4224,374
PS,2023,1354,485,30
AE,2023,6600,2708,118
KE,2023,5828,2173,119
MA,2023,10741,2736,105
ML,2023,447,90,5
EE,2023,2092,846,83
EC,2023,11090,3175,93
BO,2023,1057,192,14
LT,2023,4086,1844,146
LV,2023,2524,989,37
QA,2023,3026,1701,66
SG,2023,11445,3832,349
LY,2023,792,234,12
ET,2023,9138,5545,180
DZ,2023,8204,1711,41
KH,2023,1137,280,43
HR,2023,7213,2297,47
CY,2023,2850,1075,107
MM,2023,424,118,17
YE,2023,1498,426,10
MT,2023,608,203,23
OM,2023,1784,547,21
BD,2023,12825,4503,238
KN,2023,162,55,4
BA,2023,1832,374,4
VE,2023,1498,253,17
BJ,2023,1015,309,13
MK,2023,1202,222,51
BH,2023,745,237,19
LK,2023,3266,1048,120
TJ,2023,2453,449,5
AZ,2023,2450,617,24
GH,2023,5651,2413,107
DO,2023,396,99,7
CR,2023,2762,457,24
LU,2023,1130,606,88
MO,2023,2775,937,17
SN,2023,978,216,9
MN,2023,1061,352,16
SS,2023,530,131,71
PH,2023,7884,1789,77
SY,2023,941,416,9
BY,2023,2894,451,48
XK,2023,648,237,4
AD,2023,12,5,2
CU,2023,1644,239,21
CI,2023,1037,227,16
GP,2023,114,51,4
CM,2023,3103,949,59
GD,2023,213,37,2
AF,2023,658,174,2
NA,2023,536,178,26
UY,2023,1997,436,24
GE,2023,1582,339,19
ZM,2023,962,326,18
SZ,2023,96,41,6
RW,2023,768,335,24
SD,2023,1448,538,24
BW,2023,544,220,47
MV,2023,116,37,8
MG,2023,287,90,9
TT,2023,340,98,4
UG,2023,2371,1159,53
AM,2023,2017,457,11
CD,2023,841,257,12
IS,2023,953,398,38
CK,2023,1,1,0
RE,2023,202,73,28
TG,2023,411,127,3
LS,2023,84,28,3
GT,2023,670,191,1
BN,2023,611,181,4
KG,2023,564,129,3
AL,2023,1025,277,13
PY,2023,1116,126,4
ZW,2023,1111,406,40
HN,2023,389,90,3
BF,2023,876,245,2
SV,2023,421,30,1
MW,2023,536,264,28
LA,2023,188,64,11
BB,2023,117,26,2
ER,2023,52,19,2
BI,2023,246,70,9
LR,2023,36,16,2
PA,2023,1224,242,35
ME,2023,436,111,6
LC,2023,20,2,0
FJ,2023,229,94,3
NI,2023,490,37,2
SR,2023,57,6,0
GM,2023,154,77,15
GY,2023,175,19,1
KP,2023,111,18,2
TC,2023,34,3,0
GF,2023,104,59,11
GN,2023,181,28,0
MR,2023,70,29,3
SO,2023,360,113,0
SL,2023,162,67,4
SM,2023,25,9,0
CW,2023,123,27,4
DJ,2023,48,20,2
CF,2023,67,14,0
AO,2023,242,42,3
ST,2023,96,10,1
AS,2023,6,0,0
PG,2023,99,40,7
GU,2023,63,27,2
JM,2023,210,53,3
SX,2023,64,11,0
TL,2023,96,36,0
CG,2023,299,69,1
CV,2023,33,11,2
BT,2023,167,48,2
NE,2023,210,66,1
PW,2023,8,1,1
GW,2023,59,16,3
MU,2023,255,56,6
PF,2023,54,15,5
TD,2023,103,17,1
MC,2023,62,27,8
VG,2023,9,4,0
TM,2023,87,8,0
WS,2023,19,6,2
SC,2023,21,8,2
LI,2023,68,34,20
FO,2023,42,21,2
KY,2023,22,12,2
IM,2023,3,0,0
HT,2023,56,21,0
BZ,2023,12,5,0
GI,2023,16,8,3
FK,2023,11,6,2
BM,2023,11,4,1
GL,2023,61,47,15
GA,2023,154,62,9
VI,2023,33,12,1
SB,2023,6,5,2
AW,2023,17,8,2
SJ,2023,9,5,4
MQ,2023,71,38,5
FM,2023,6,4,1
BS,2023,40,10,3
VA,2023,24,0,0
TO,2023,13,2,0
GQ,2023,4,3,0
JE,2023,3,2,2
VU,2023,11,3,2
MF,2023,10,0,0
DM,2023,10,1,0
VC,2023,11,4,0
MS,2023,22,6,0
NU,2023,2,0,0
YT,2023,1,0,0
TV,2023,1,0,0
MP,2023,2,1,0
AX,2023,1,1,0
KI,2023,3,1,0
NA,2022,1002788,130131,6
IN,2022,187124,32079,485
RU,2022,123176,20777,708
IT,2022,81835,43629,13021
ID,2022,275685,69198,158
NG,2022,22433,5663,174
PK,2022,30602,11021,188
CN,2022,723576,275742,4285
MX,2022,30153,8130,177
PL,2022,50152,22746,4621
EG,2022,36265,11824,243
TW,2022,28183,14323,125
AT,2022,14717,9186,5891
DE,2022,107048,59202,33002
US,2022,456777,143346,18041
ES,2022,77282,35225,18764
IL,2022,14593,5773,1487
GB,2022,115459,63253,52818
GR,2022,14704,6440,2107
SE,2022,22531,16091,13215
NO,2022,13913,8927,5587
HK,2022,11726,3576,165
IR,2022,59889,15632,236
JP,2022,102667,37202,825
KR,2022,72294,32192,1414
CA,2022,68910,24483,4439
TR,2022,84442,11627,613
FI,2022,13155,8441,5902
BG,2022,5031,1305,35
IQ,2022,19256,5261,77
SG,2022,11606,3657,190
FR,2022,70331,21317,8079
AM,2022,1721,277,5
SA,2022,28447,14206,464
NL,2022,36756,23958,17205
DK,2022,15457,8239,3916
SI,2022,4802,2312,746
BR,2022,126176,24045,558
BE,2022,18525,6903,666
MY,2022,30639,9659,306
OM,2022,1661,436,23
AU,2022,60015,26173,13489
NZ,2022,9414,3886,1732
TH,2022,16891,7675,147
PT,2022,21865,9760,1766
HU,2022,12665,5720,1431
CH,2022,25402,15263,8399
RS,2022,7802,2161,45
CZ,2022,15722,5473,417
PH,2022,6274,1490,34
CY,2022,2774,960,58
ET,2022,9225,5837,118
GE,2022,1297,258,10
BJ,2022,876,274,8
EC,2022,8788,1803,67
IE,2022,10005,5114,4795
UZ,2022,3906,479,12
UA,2022,29280,4428,92
TZ,2022,2588,936,59
KE,2022,5254,1783,73
PE,2022,9512,1732,48
ZA,2022,20725,10018,1886
VN,2022,12336,3168,136
LK,2022,3523,1090,66
NI,2022,423,37,1
BO,2022,980,185,13
SD,2022,1457,499,17
ME,2022,413,102,6
RO,2022,14423,6731,68
HR,2022,7109,2211,33
GA,2022,147,60,5
KZ,2022,6631,1591,29
MA,2022,9285,2237,75
AR,2022,14019,2088,131
LB,2022,2550,892,40
AE,2022,5880,2475,80
BD,2022,12094,4344,143
CL,2022,12888,3476,213
CM,2022,2821,847,31
SS,2022,643,125,52
CO,2022,16213,3676,1308
DZ,2022,7617,1360,42
UG,2022,1902,973,41
MW,2022,487,254,34
GL,2022,38,28,9
QA,2022,3004,1608,499
BY,2022,3208,592,19
SK,2022,5408,2102,58
GM,2022,132,85,12
NP,2022,5416,1114,23
CD,2022,723,231,4
GH,2022,5447,2153,79
CR,2022,2263,358,22
VE,2022,1266,187,14
TN,2022,6641,1862,88
PS,2022,1141,428,24
NC,2022,86,42,7
AL,2022,758,179,11
TJ,2022,2099,378,0
MM,2022,430,96,6
PR,2022,986,314,15
MK,2022,1147,161,26
NA,2022,308,126,14
BH,2022,664,208,11
MN,2022,1007,345,4
AZ,2022,1992,420,7
LA,2022,167,64,7
MZ,2022,1159,229,11
LT,2022,4176,1808,83
JO,2022,6163,2145,46
SY,2022,890,354,9
PA,2022,648,166,23
LV,2022,2284,770,23
IS,2022,855,359,43
CU,2022,1381,277,12
GT,2022,578,141,3
UY,2022,1762,345,25
ML,2022,355,90,6
LY,2022,731,214,10
MO,2022,2471,853,7
RW,2022,684,284,19
SO,2022,208,86,3
KH,2022,859,191,12
SX,2022,36,14,1
LI,2022,57,24,14
KG,2022,1070,82,1
KW,2022,1604,609,20
EE,2022,2042,813,70
SN,2022,837,224,15
BA,2022,1940,346,5
BW,2022,468,181,22
MC,2022,73,24,1
GP,2022,127,50,5
MT,2022,617,183,24
ZM,2022,819,263,13
LU,2022,1107,573,76
MD,2022,1017,196,7
MU,2022,223,44,5
GN,2022,104,23,1
YE,2022,1150,390,8
FJ,2022,281,112,1
PY,2022,886,126,9
KN,2022,110,49,0
MG,2022,214,77,6
GD,2022,161,43,0
CI,2022,907,189,17
NE,2022,221,60,2
BT,2022,181,52,1
ZW,2022,1122,349,33
SZ,2022,90,34,0
AW,2022,11,3,0
XK,2022,646,217,3
AG,2022,351,39,0
TT,2022,331,118,0
SV,2022,505,25,2
GF,2022,99,52,7
BF,2022,678,239,8
CG,2022,250,63,3
TG,2022,396,103,1
AF,2022,486,152,4
TD,2022,86,19,1
BN,2022,498,172,2
JM,2022,190,45,2
BS,2022,41,10,0
AO,2022,305,25,1
HN,2022,313,55,3
SR,2022,39,15,2
VI,2022,29,9,4
BI,2022,241,47,7
DO,2022,315,72,3
LC,2022,19,5,0
TL,2022,75,26,0
BB,2022,96,31,2
ST,2022,41,4,0
GU,2022,45,24,4
SM,2022,23,9,0
MQ,2022,64,25,1
ER,2022,57,25,1
SL,2022,146,52,4
VU,2022,13,4,0
RE,2022,186,76,13
GY,2022,124,22,0
FO,2022,52,29,0
LS,2022,72,34,0
CV,2022,65,22,2
KY,2022,19,7,3
GW,2022,58,13,4
MV,2022,107,44,9
KP,2022,75,20,1
PF,2022,50,24,10
DJ,2022,25,10,1
PG,2022,86,34,3
LR,2022,46,18,2
YT,2022,5,0,0
BZ,2022,13,4,0
AD,2022,17,4,1
TC,2022,4,2,0
WS,2022,23,7,0
BM,2022,14,5,1
DM,2022,16,5,0
VC,2022,8,0,0
SJ,2022,2,1,0
MR,2022,42,11,1
TO,2022,10,3,0
JE,2022,8,5,1
CW,2022,81,19,6
CF,2022,52,11,1
HT,2022,43,15,0
TM,2022,78,8,0
SC,2022,19,9,2
PW,2022,8,2,0
MS,2022,19,3,0
KI,2022,4,2,0
VA,2022,26,3,0
VG,2022,17,1,0
NU,2022,2,0,0
IM,2022,3,0,0
MP,2022,2,1,1
GI,2022,16,4,1
TV,2022,1,0,0
FK,2022,13,5,3
FM,2022,2,0,0
AX,2022,1,0,0
AS,2022,2,1,0
MF,2022,8,2,0
GQ,2022,2,1,0
NA,2021,985475,117029,4
ES,2021,82586,34557,15071
ZA,2021,19843,8381,348
KE,2021,4760,1632,55
ET,2021,8242,4717,79
RU,2021,134428,19901,673
CN,2021,597806,186075,2786
FR,2021,74341,20245,5220
DE,2021,114176,60249,32059
BE,2021,19925,6870,518
US,2021,488878,131702,11503
PL,2021,54217,24947,757
SK,2021,6582,2368,57
CO,2021,17013,3540,85
SA,2021,24499,10643,320
IT,2021,84271,40969,11163
HU,2021,11731,5158,2438
PT,2021,22103,7917,287
NO,2021,14747,9064,2925
RO,2021,13917,5856,66
LT,2021,4096,1619,26
EG,2021,34981,8576,182
JP,2021,108869,36706,411
KR,2021,75230,31931,1130
TH,2021,15466,6024,87
IN,2021,170927,24953,282
NL,2021,38290,23499,15619
DK,2021,16281,6854,2757
FI,2021,12721,7806,5738
CA,2021,74486,22896,3140
BR,2021,141020,22087,397
GB,2021,125051,56094,38372
MY,2021,31067,8693,158
ID,2021,210481,50217,103
SE,2021,23950,16380,5737
GR,2021,14779,5596,173
TR,2021,81273,8842,162
CH,2021,26199,14280,8209
RS,2021,7508,1741,29
MX,2021,29194,7225,176
AU,2021,65946,18995,1146
AT,2021,15006,9066,4301
IE,2021,11158,5071,4980
UZ,2021,4555,527,6
NZ,2021,9984,2751,102
AR,2021,15103,2050,93
IR,2021,61668,13034,230
SS,2021,615,120,66
GM,2021,137,76,9
LU,2021,1053,551,51
CZ,2021,16813,5940,316
BD,2021,11400,3287,84
PK,2021,27604,8855,120
NG,2021,21827,5021,60
JO,2021,4648,1455,20
GH,2021,4502,1636,73
IL,2021,15503,4731,176
IQ,2021,14395,4067,51
TW,2021,28072,13693,66
CL,2021,13690,3317,144
BN,2021,442,139,0
LY,2021,809,226,10
IS,2021,881,321,38
AZ,2021,2080,375,11
MA,2021,8620,1807,55
AD,2021,7,3,1
SI,2021,5072,2214,104
HR,2021,6878,1914,19
CY,2021,2700,779,31
HK,2021,10957,2854,145
EC,2021,6836,1287,56
QA,2021,3080,1596,524
BS,2021,43,10,1
UA,2021,34132,5161,53
UG,2021,1829,956,30
VN,2021,11408,2938,59
NP,2021,5158,1064,24
TN,2021,6988,1506,60
UY,2021,1959,347,17
YE,2021,1088,356,6
TG,2021,345,78,1
LB,2021,2801,819,44
DZ,2021,7648,1092,41
EE,2021,2078,768,61
MC,2021,95,31,2
GN,2021,124,32,1
PE,2021,8787,1247,26
BY,2021,3479,483,25
ZM,2021,676,219,6
PR,2021,1000,259,1
SY,2021,714,230,5
XK,2021,522,128,1
SG,2021,12464,3470,111
BA,2021,1716,264,1
BG,2021,4699,1114,29
TJ,2021,1888,233,0
BO,2021,793,131,7
AE,2021,5204,1884,49
LK,2021,3837,1029,17
MW,2021,478,244,21
CD,2021,588,195,1
MO,2021,1881,512,9
MM,2021,419,131,4
ME,2021,439,129,0
PS,2021,961,314,4
KZ,2021,5258,1112,18
KW,2021,1636,562,11
PH,2021,5103,1131,11
OM,2021,1900,435,15
LV,2021,2246,640,15
BT,2021,178,51,3
TZ,2021,2020,772,43
KH,2021,751,156,6
BI,2021,228,38,6
CM,2021,2661,698,30
AG,2021,311,30,0
SD,2021,1349,359,10
AM,2021,1427,207,11
BW,2021,484,144,7
VE,2021,1508,256,6
AL,2021,697,138,3
CI,2021,837,166,11
MK,2021,1024,146,5
CR,2021,2258,298,15
ZW,2021,1087,374,16
ML,2021,335,76,2
NC,2021,73,42,7
CG,2021,248,52,5
MZ,2021,1177,178,7
PY,2021,863,100,1
KG,2021,1331,107,1
CU,2021,1434,234,6
SO,2021,78,26,0
PG,2021,90,24,1
RE,2021,182,78,14
MN,2021,852,243,9
AF,2021,459,128,1
DO,2021,331,73,2
LA,2021,127,51,1
PA,2021,689,170,15
VU,2021,11,3,0
BJ,2021,831,234,7
MU,2021,230,31,2
GL,2021,43,28,8
SN,2021,816,190,7
MT,2021,649,215,15
MG,2021,228,93,5
NE,2021,147,35,1
SV,2021,297,20,2
NA,2021,289,67,4
MD,2021,997,254,6
JM,2021,224,76,2
GE,2021,1049,135,3
HN,2021,302,57,3
JE,2021,11,5,4
GD,2021,167,49,1
NI,2021,477,38,0
AO,2021,274,27,2
MV,2021,107,28,3
GP,2021,140,39,6
RW,2021,598,222,5
KN,2021,117,47,0
BF,2021,592,215,7
BH,2021,654,184,9
ER,2021,53,29,2
GF,2021,104,44,6
TT,2021,355,110,0
GT,2021,473,98,2
HT,2021,41,12,0
LS,2021,83,26,1
CV,2021,34,7,0
PF,2021,56,24,7
SR,2021,58,23,2
SL,2021,124,43,6
LI,2021,57,24,14
KP,2021,82,12,0
GA,2021,141,52,8
MR,2021,43,8,2
TD,2021,56,9,1
GI,2021,33,11,1
VG,2021,30,0,0
CF,2021,30,9,0
WS,2021,21,4,0
FJ,2021,224,79,2
FO,2021,36,16,0
CW,2021,57,14,3
BB,2021,98,22,1
TO,2021,8,2,0
ST,2021,50,4,0
GW,2021,45,14,6
DJ,2021,22,7,1
LC,2021,9,2,0
SJ,2021,10,7,2
GU,2021,60,19,1
AS,2021,4,0,0
MS,2021,13,1,0
SZ,2021,90,40,1
GY,2021,106,18,0
TM,2021,57,8,0
BZ,2021,19,7,0
TL,2021,44,11,0
BM,2021,10,4,1
SB,2021,3,1,0
MQ,2021,49,19,0
KI,2021,3,0,0
SX,2021,26,3,2
SC,2021,23,6,3
PW,2021,8,1,0
LR,2021,37,14,0
IM,2021,12,3,1
VI,2021,34,12,0
AW,2021,21,5,0
KY,2021,24,7,2
FK,2021,10,4,0
VA,2021,15,3,4
VC,2021,10,0,0
SM,2021,20,5,0
DM,2021,8,1,0
GQ,2021,2,2,0
MF,2021,5,0,0
TC,2021,2,1,0
NU,2021,2,0,1
FM,2021,3,0,0
TV,2021,1,0,0
IQ,2020,11736,3253,33
NA,2020,916666,97937,3
US,2020,499629,111713,4460
FR,2020,74690,16984,4933
ES,2020,80296,23996,1026
SA,2020,21714,7969,272
SG,2020,12874,3040,82
VN,2020,11102,2869,61
KR,2020,72382,26455,67
QA,2020,2927,1367,501
RO,2020,12062,3971,46
DK,2020,15698,5082,187
CA,2020,72671,17706,329
RU,2020,117975,15981,552
AU,2020,65523,15596,486
CN,2020,528896,147369,1924
NG,2020,21206,4403,59
SE,2020,23184,13939,4858
ID,2020,160209,35145,73
JP,2020,108445,30267,282
DE,2020,109458,49095,26964
GB,2020,126943,48134,22722
TW,2020,25275,10271,25
NO,2020,14304,7961,2627
IT,2020,81583,30856,11531
NL,2020,37162,21134,9541
BE,2020,19237,5653,304
AT,2020,14425,7490,1138
HU,2020,10748,4270,1804
IR,2020,61120,10175,119
MA,2020,7309,1567,37
PK,2020,23171,6216,87
CH,2020,25498,10221,5049
ZA,2020,19346,7082,130
IE,2020,10570,3365,1744
CO,2020,16097,2570,42
AZ,2020,1770,244,2
IN,2020,159913,18691,159
BW,2020,503,142,8
BR,2020,144469,20934,261
FI,2020,12322,5723,2149
BG,2020,3985,853,28
TR,2020,71348,7034,107
IL,2020,14937,3661,67
PL,2020,53092,19429,735
TH,2020,12778,4095,52
LV,2020,2004,425,7
CZ,2020,16245,4789,226
SN,2020,764,162,2
PH,2020,4098,804,12
CM,2020,2414,588,18
UY,2020,1618,234,5
PT,2020,19650,5588,97
MY,2020,26145,6338,100
AR,2020,15627,1732,41
UA,2020,34578,4036,34
HR,2020,6099,1242,10
MX,2020,27862,5748,60
SI,2020,4688,1604,46
LA,2020,92,46,1
GR,2020,13055,3760,58
PA,2020,692,161,9
EG,2020,31541,6435,126
CL,2020,13062,2912,65
JO,2020,4489,1245,22
UG,2020,1517,727,18
YE,2020,900,273,2
LB,2020,2908,759,33
ET,2020,7372,3847,39
PE,2020,6533,704,11
NA,2020,297,85,3
KW,2020,1551,465,8
SS,2020,564,79,39
TG,2020,273,66,2
RS,2020,7014,1239,15
ZM,2020,646,192,6
MO,2020,1610,367,6
LK,2020,2847,726,12
BD,2020,10191,2131,37
SD,2020,1169,343,4
AE,2020,4747,1333,19
HK,2020,10132,2099,46
EE,2020,1923,567,30
UZ,2020,3057,392,6
GM,2020,136,71,5
MW,2020,410,186,8
JE,2020,4,2,3
BF,2020,516,157,5
RE,2020,162,63,9
IS,2020,824,242,18
PR,2020,968,253,4
GH,2020,4032,1307,58
EC,2020,5870,1027,17
CU,2020,1180,183,2
KE,2020,4181,1509,35
MR,2020,39,16,2
NP,2020,5051,862,10
ZW,2020,901,251,9
NZ,2020,9799,2198,61
OM,2020,1548,329,12
TN,2020,6115,1107,37
LU,2020,938,399,21
DZ,2020,6903,826,34
BY,2020,2916,351,13
BO,2020,680,93,9
TJ,2020,1582,213,5
MD,2020,496,141,2
AG,2020,165,17,0
BA,2020,1531,259,0
KZ,2020,4504,690,10
CI,2020,775,140,4
SK,2020,6036,1733,31
MK,2020,963,134,7
GE,2020,767,92,1
NE,2020,166,45,0
SV,2020,334,9,0
SB,2020,3,0,0
KG,2020,595,69,3
RW,2020,582,166,11
BH,2020,571,139,2
CY,2020,2405,582,14
GT,2020,459,107,0
LT,2020,3902,1148,22
CR,2020,2339,264,16
TZ,2020,1688,685,26
HN,2020,237,24,0
SZ,2020,94,20,0
GW,2020,38,10,0
XK,2020,423,75,2
ME,2020,477,125,1
SY,2020,611,188,2
AM,2020,997,181,7
GD,2020,152,41,2
MG,2020,222,75,2
MM,2020,531,146,3
DJ,2020,24,8,0
VE,2020,1410,158,1
MZ,2020,852,174,4
KN,2020,102,40,0
CD,2020,470,132,2
PS,2020,902,249,5
SO,2020,80,25,1
MN,2020,697,170,5
BJ,2020,738,189,6
LI,2020,70,15,14
BT,2020,102,34,1
LY,2020,677,192,9
ML,2020,269,70,0
NI,2020,458,28,0
KH,2020,613,151,5
PY,2020,749,49,2
BS,2020,46,4,1
DO,2020,323,51,0
AL,2020,542,92,2
BN,2020,355,109,3
FJ,2020,197,55,0
GP,2020,100,34,2
MT,2020,575,142,10
AF,2020,355,89,0
KP,2020,76,10,0
MU,2020,192,41,2
LS,2020,66,16,0
MV,2020,121,25,4
JM,2020,186,49,0
GY,2020,57,8,0
NC,2020,95,38,6
GN,2020,82,25,0
BI,2020,246,30,5
TT,2020,308,77,0
SR,2020,39,12,1
CG,2020,203,48,3
ER,2020,63,32,0
PF,2020,69,23,7
MQ,2020,66,17,0
PG,2020,81,21,1
CW,2020,43,5,1
TL,2020,17,6,0
SL,2020,102,40,3
PW,2020,7,2,0
BB,2020,82,26,0
GF,2020,100,43,10
AO,2020,277,20,0
MC,2020,73,22,1
GA,2020,106,39,4
VU,2020,11,3,0
TM,2020,57,2,0
IM,2020,4,1,0
ST,2020,60,5,0
BZ,2020,15,4,0
CV,2020,28,9,1
KY,2020,18,0,2
GU,2020,66,27,0
WS,2020,26,6,0
FO,2020,24,10,1
VG,2020,19,0,0
AW,2020,19,7,0
VA,2020,14,3,0
TD,2020,39,9,1
MS,2020,5,1,0
KI,2020,6,0,0
GQ,2020,1,1,0
LC,2020,11,3,0
DM,2020,8,1,0
GI,2020,33,4,0
HT,2020,27,8,0
CF,2020,31,10,1
LR,2020,23,7,1
SC,2020,29,5,0
TV,2020,1,1,0
GL,2020,35,16,1
NU,2020,2,0,0
AD,2020,8,1,0
SJ,2020,8,7,0
TC,2020,2,1,0
VI,2020,12,2,0
MP,2020,3,1,0
BM,2020,11,4,1
SX,2020,18,2,0
FK,2020,8,0,1
SM,2020,18,4,1
FM,2020,2,1,0
MF,2020,4,0,0
VC,2020,6,0,0
AS,2020,3,1,0
TO,2020,3,1,0
NA,2019,876322,90238,0
GB,2019,117233,37140,5442
PK,2019,17054,4160,27
ES,2019,69749,17156,77
CN,2019,463654,117855,352
IT,2019,67295,19433,215
US,2019,456605,88404,418
RU,2019,101347,11887,70
MX,2019,25209,4698,18
BR,2019,117309,18955,58
SE,2019,21919,9586,48
TW,2019,22901,8055,9
DE,2019,102137,30489,10444
ZA,2019,17186,5863,23
DK,2019,14924,4026,45
CZ,2019,15209,3572,119
PL,2019,49162,12958,32
FR,2019,69922,13134,2266
HU,2019,9126,2912,493
AU,2019,62020,13064,100
NO,2019,13140,5347,19
IN,2019,129230,13054,41
BE,2019,17442,4179,73
TR,2019,58547,5900,20
NG,2019,16084,3166,13
JP,2019,100926,22979,40
EG,2019,26274,4332,42
NL,2019,35115,16503,2135
KZ,2019,3114,429,6
QA,2019,2149,739,4
SA,2019,15602,4739,32
TH,2019,11032,2856,10
NZ,2019,8936,1815,13
ID,2019,123349,26265,20
FI,2019,11566,4184,16
MU,2019,155,24,0
KR,2019,66606,20716,25
RO,2019,10575,3384,20
PE,2019,5628,497,1
JM,2019,179,25,0
GR,2019,11396,2599,16
PT,2019,17710,3852,25
AT,2019,12921,5644,178
UA,2019,29006,3595,11
SD,2019,958,222,3
HK,2019,8796,1520,13
BA,2019,1370,184,1
ZW,2019,780,252,0
IL,2019,13177,2494,18
SI,2019,3864,1006,6
CL,2019,11359,2310,21
SK,2019,5367,1237,14
AE,2019,3682,815,2
AR,2019,13005,1400,12
CO,2019,14226,1928,8
CH,2019,23382,6943,112
CY,2019,1967,440,2
MW,2019,329,141,0
KE,2019,3390,1275,9
IR,2019,54734,7142,20
RS,2019,6940,1094,3
GD,2019,116,33,0
IE,2019,9583,1907,15
MZ,2019,647,115,0
BT,2019,95,27,0
CA,2019,66656,14028,78
ET,2019,5148,2289,6
GP,2019,84,25,2
KW,2019,1229,297,1
IQ,2019,9530,2901,19
SN,2019,619,139,6
UG,2019,1185,506,3
MY,2019,22998,4301,42
EC,2019,4730,605,1
TN,2019,5450,774,24
RW,2019,361,108,0
VN,2019,7893,1705,14
SG,2019,11316,2379,9
GW,2019,45,12,0
GH,2019,3076,931,4
LY,2019,511,98,2
DZ,2019,6012,565,11
TZ,2019,1334,448,1
PH,2019,3267,582,1
BG,2019,3913,684,12
BD,2019,7168,1187,4
EE,2019,1765,388,1
CM,2019,1791,479,2
HR,2019,5374,816,2
UY,2019,1350,216,2
LT,2019,3554,893,4
MA,2019,5363,922,13
MO,2019,1222,284,2
JO,2019,3610,826,1
LK,2019,2169,545,7
BO,2019,690,120,2
TJ,2019,1418,242,1
BY,2019,2641,313,1
AM,2019,983,144,1
AZ,2019,1341,219,3
ME,2019,428,87,0
CU,2019,1101,137,3
LV,2019,1835,264,1
LU,2019,849,250,8
BW,2019,421,109,2
GE,2019,657,83,0
LB,2019,2395,602,12
IS,2019,792,200,7
OM,2019,1180,217,0
CG,2019,185,25,0
NP,2019,3393,485,2
ST,2019,44,4,0
UZ,2019,1383,207,0
YE,2019,648,123,0
BI,2019,186,24,0
MD,2019,441,147,1
PF,2019,85,26,4
PA,2019,426,104,4
VE,2019,1156,120,1
GF,2019,78,30,3
MG,2019,169,46,1
NE,2019,172,37,2
MV,2019,69,12,0
KH,2019,403,85,0
SX,2019,7,1,0
CI,2019,736,132,3
BJ,2019,638,133,4
ZM,2019,460,121,0
PY,2019,605,64,0
CR,2019,1808,170,0
MM,2019,407,87,1
DO,2019,278,37,0
YT,2019,3,0,0
TT,2019,283,62,1
PS,2019,718,184,0
XK,2019,407,67,0
GA,2019,107,39,1
AL,2019,433,81,0
MS,2019,11,1,0
MN,2019,547,137,0
BF,2019,430,112,1
MK,2019,810,89,0
BM,2019,9,3,1
CF,2019,34,9,0
ML,2019,209,41,1
SY,2019,427,107,0
ER,2019,59,22,0
PR,2019,889,176,0
SS,2019,487,49,4
TG,2019,209,43,0
FO,2019,36,16,0
MR,2019,31,9,1
TM,2019,46,2,0
MT,2019,460,86,2
FJ,2019,184,49,0
AF,2019,202,29,0
KN,2019,100,32,0
NI,2019,409,23,0
AO,2019,115,15,0
SV,2019,275,15,0
LS,2019,46,15,0
CD,2019,346,77,1
VG,2019,42,1,0
GY,2019,95,8,0
GI,2019,34,3,0
GM,2019,68,41,0
BN,2019,245,51,0
KG,2019,395,70,0
SR,2019,22,5,0
RE,2019,145,42,9
SL,2019,70,25,0
PG,2019,72,17,0
NA,2019,238,51,0
GT,2019,315,59,0
NC,2019,63,19,1
SO,2019,44,15,0
LI,2019,65,7,0
BH,2019,438,108,0
LA,2019,85,29,0
MC,2019,81,24,0
HN,2019,323,20,0
SM,2019,20,4,0
BS,2019,30,5,0
BZ,2019,20,0,0
AG,2019,109,11,0
MQ,2019,64,19,0
BB,2019,68,16,1
KP,2019,52,9,2
HT,2019,30,2,0
GL,2019,29,11,0
GU,2019,42,17,0
SZ,2019,79,30,0
LR,2019,22,7,0
VA,2019,8,0,0
AX,2019,1,0,0
GN,2019,94,14,0
FK,2019,13,3,1
CV,2019,23,9,0
IM,2019,8,3,0
TL,2019,15,4,0
DM,2019,3,1,0
JE,2019,10,4,1
SC,2019,13,3,0
VU,2019,17,2,0
VI,2019,15,2,0
PW,2019,8,4,0
WS,2019,15,1,0
VC,2019,4,2,0
AW,2019,10,1,0
CW,2019,26,6,0
TD,2019,33,6,0
TO,2019,5,2,0
MF,2019,2,0,0
AD,2019,8,1,0
LC,2019,9,2,0
DJ,2019,11,4,0
SB,2019,2,0,0
FM,2019,2,0,0
KY,2019,11,2,0
GQ,2019,1,0,0
NU,2019,2,0,0
AS,2019,2,1,0
MP,2019,2,0,0
SJ,2019,4,2,0
TC,2019,2,1,0
KI,2019,1,1,0
NA,2018,825006,94711,2
KR,2018,63906,16820,0
MX,2018,23539,4158,0
CN,2018,395683,89672,28
US,2018,443537,80395,48
SE,2018,21396,8160,3
TH,2018,10636,2308,0
JP,2018,103247,21007,0
BR,2018,106209,17250,6
RU,2018,81309,7560,3
BE,2018,17391,3934,13
ZA,2018,16295,5235,3
FR,2018,71306,11556,5
IN,2018,120811,12506,0
DE,2018,100028,22997,40
AU,2018,59754,11444,5
TR,2018,50019,6622,6
GB,2018,115692,35496,14
PL,2018,51365,10892,1
CZ,2018,14365,2794,85
ET,2018,3682,1569,3
HK,2018,8198,1356,1
ID,2018,87822,21248,9
MY,2018,23038,3748,3
ES,2018,67083,13472,3
SA,2018,13263,3406,1
TN,2018,6294,722,1
JO,2018,3071,581,0
KE,2018,2996,1140,4
AT,2018,12612,4835,2
CA,2018,65570,12931,4
MG,2018,170,68,0
PT,2018,16515,3195,2
NL,2018,33966,14270,1991
IR,2018,49130,6023,5
HU,2018,8168,1673,1
FI,2018,11124,3086,1
CH,2018,22772,5950,5
SK,2018,5142,1077,1
SN,2018,565,124,0
TW,2018,22155,6401,2
RS,2018,6456,1047,0
IL,2018,12831,2131,1
IQ,2018,7084,2197,0
NP,2018,3003,438,0
NO,2018,12553,3726,2
IT,2018,63933,15448,14
CO,2018,13245,1375,1
SG,2018,11168,2127,0
DK,2018,14816,3707,2
GH,2018,2644,764,4
EG,2018,22373,3449,0
VA,2018,23,0,0
CL,2018,10900,1776,1
DZ,2018,6010,569,0
NZ,2018,8645,1550,0
UA,2018,20152,3226,1
BH,2018,402,73,0
MA,2018,4983,834,0
AR,2018,12829,1516,0
IE,2018,8808,1614,1
KW,2018,1132,234,0
BA,2018,1304,221,0
EC,2018,4161,500,0
QA,2018,1757,446,0
LK,2018,2148,538,0
ZM,2018,444,145,0
BD,2018,6540,1042,1
LY,2018,402,117,0
RO,2018,8489,1880,1
PK,2018,14028,3037,1
PE,2018,3819,482,1
LB,2018,2188,505,1
TT,2018,265,74,0
NG,2018,13779,2754,1
SI,2018,3689,714,0
GA,2018,103,33,0
VN,2018,5513,978,0
AE,2018,3013,555,1
MT,2018,537,91,0
CM,2018,1668,428,0
EE,2018,1541,289,0
HR,2018,5207,715,0
CR,2018,1521,169,0
LR,2018,32,9,0
UZ,2018,797,92,0
AZ,2018,1161,137,0
GT,2018,315,58,0
BG,2018,3305,491,0
GR,2018,10948,2092,0
LV,2018,1561,215,0
UY,2018,1320,186,0
KN,2018,79,19,0
CU,2018,1008,149,0
BJ,2018,585,122,0
BY,2018,1904,344,0
GU,2018,49,17,0
LU,2018,839,194,1
LA,2018,106,29,0
XK,2018,422,61,0
OM,2018,1049,172,1
LT,2018,3446,643,0
PG,2018,57,14,0
SY,2018,369,82,0
SD,2018,822,214,0
VE,2018,1105,106,0
BO,2018,562,75,0
UG,2018,1093,458,0
AM,2018,916,144,0
IS,2018,778,172,0
RW,2018,301,94,0
MO,2018,1120,236,0
SS,2018,380,48,0
NI,2018,347,12,0
KZ,2018,2330,336,0
PH,2018,2593,475,0
KH,2018,401,92,0
ZW,2018,680,196,1
MK,2018,778,98,1
PS,2018,603,144,0
RE,2018,128,37,0
CY,2018,1810,340,0
CI,2018,749,127,0
MN,2018,555,176,0
BI,2018,172,22,0
TZ,2018,1141,409,0
TJ,2018,934,102,1
GE,2018,592,82,0
PR,2018,837,177,0
HN,2018,185,17,0
AL,2018,449,74,0
NA,2018,175,34,0
DO,2018,224,39,0
GD,2018,132,19,0
KG,2018,247,37,0
JM,2018,178,36,0
CD,2018,284,87,0
KP,2018,56,7,0
SC,2018,12,2,0
PY,2018,534,39,0
PA,2018,414,90,0
LC,2018,16,0,0
MZ,2018,506,125,0
FJ,2018,188,38,0
MD,2018,338,129,0
YE,2018,565,103,0
MQ,2018,56,9,0
MW,2018,350,148,0
BN,2018,273,60,0
CW,2018,37,3,0
BF,2018,437,140,0
KY,2018,19,2,0
TM,2018,35,5,0
MM,2018,353,87,0
ME,2018,421,84,0
AO,2018,81,8,0
MU,2018,213,29,0
SV,2018,197,11,0
NE,2018,152,31,0
MR,2018,30,11,0
MP,2018,4,1,0
ER,2018,52,17,0
GY,2018,65,6,0
VG,2018,85,2,0
MC,2018,69,14,0
GW,2018,40,10,1
SZ,2018,39,13,0
FO,2018,33,12,0
GM,2018,69,42,0
ML,2018,209,51,0
AW,2018,14,3,0
BW,2018,445,117,0
GP,2018,75,19,0
GF,2018,92,33,0
AF,2018,118,31,0
BT,2018,65,19,0
BB,2018,70,10,0
NC,2018,84,30,0
IM,2018,16,3,0
SL,2018,53,17,0
PW,2018,12,1,0
AG,2018,85,8,0
BZ,2018,14,5,0
ST,2018,34,4,0
TG,2018,200,43,0
HT,2018,23,7,0
DJ,2018,11,1,0
BM,2018,9,4,0
MV,2018,67,11,0
MS,2018,21,1,0
PF,2018,57,13,0
VI,2018,16,2,0
CG,2018,113,11,0
LI,2018,58,6,0
TL,2018,15,1,0
GN,2018,50,9,0
BS,2018,37,5,0
SM,2018,10,2,0
GI,2018,26,1,0
SO,2018,41,5,0
TD,2018,27,8,0
CV,2018,23,4,0
GL,2018,41,17,0
LS,2018,44,11,0
CF,2018,29,8,0
DM,2018,15,3,0
SJ,2018,9,1,0
SR,2018,26,5,0
VC,2018,5,1,0
VU,2018,9,1,0
FK,2018,13,0,0
WS,2018,8,0,0
AD,2018,2,0,0
JE,2018,4,1,0
TO,2018,3,1,0
AS,2018,3,0,0
SX,2018,8,1,0
BQ,2018,1,0,0
MF,2018,3,0,0
AX,2018,2,0,0
FM,2018,2,0,0
KI,2018,1,0,0
TC,2018,1,1,0
