country_code,publication_year,journal_business_model,n_articles,n_oa_articles,n_ta_articles
ID,2025,Hybrid,292120,81744,146
NA,2025,Hybrid,1528093,256341,8
VE,2025,Hybrid,862,257,5
JP,2025,Hybrid,59282,13301,4915
GB,2025,Hybrid,73827,35835,27108
PK,2025,Hybrid,28317,7437,86
HK,2025,Hybrid,10215,2608,657
GR,2025,Hybrid,6830,2188,100
CA,2025,Hybrid,42180,14931,6443
AU,2025,Hybrid,38600,17534,14367
ES,2025,Hybrid,37781,14385,1058
IN,2025,Hybrid,156239,18097,424
NL,2025,Hybrid,21270,12447,9866
US,2025,Hybrid,321890,75330,10529
CN,2025,Hybrid,541988,47354,2425
DE,2025,Hybrid,62284,33208,25819
IT,2025,Hybrid,40663,17276,7699
FI,2025,Hybrid,8046,5001,4030
PL,2025,Hybrid,21757,6214,679
PH,2025,Hybrid,7677,2644,41
FR,2025,Hybrid,38584,11493,6911
UZ,2025,Hybrid,5019,1330,25
RO,2025,Hybrid,4904,1374,78
CN,2025,Full OA,286449,263163,2889
KR,2025,Full OA,26832,23500,80
JP,2025,Full OA,27975,23806,1530
US,2025,Full OA,119582,93404,3163
VN,2025,Full OA,4570,3022,32
JO,2025,Full OA,2594,2141,14
CI,2025,Full OA,220,149,6
IT,2025,Full OA,33910,27748,1416
BG,2025,Full OA,2680,1868,19
IN,2025,Full OA,40861,22978,140
IS,2025,Full OA,333,226,6
CO,2025,Full OA,7144,2969,71
ZA,2025,Hybrid,10149,4534,2785
CH,2025,Hybrid,13094,7320,5752
NZ,2025,Hybrid,5535,2328,1783
IL,2025,Hybrid,8697,3523,2412
IR,2025,Hybrid,29296,4160,78
VN,2025,Hybrid,10963,1538,119
AT,2025,Hybrid,8898,4826,3878
TW,2025,Hybrid,15401,2747,93
HU,2025,Hybrid,6887,2581,1119
NO,2025,Hybrid,7986,4078,2823
MA,2025,Hybrid,7263,962,46
PR,2025,Hybrid,839,229,26
IQ,2025,Hybrid,11849,2438,35
RU,2025,Hybrid,57572,11379,233
BR,2025,Hybrid,65448,10844,313
NG,2025,Hybrid,16328,4386,89
PL,2025,Full OA,24956,15371,138
SA,2025,Full OA,13821,12069,68
MO,2025,Full OA,1332,1200,4
TZ,2025,Full OA,1576,1004,19
ID,2025,Full OA,45575,19867,49
NA,2025,Full OA,312253,162229,1
SK,2025,Full OA,2325,1600,153
MY,2025,Full OA,7579,5244,38
TH,2025,Hybrid,10965,2067,93
MX,2025,Hybrid,19699,5332,142
SE,2025,Hybrid,12351,8504,7364
DZ,2025,Hybrid,6042,836,26
DK,2025,Hybrid,9055,4396,3154
UA,2025,Hybrid,11923,2831,96
KR,2025,Hybrid,40013,7550,664
BE,2025,Hybrid,11116,2349,375
IE,2025,Hybrid,6604,2603,2016
BD,2025,Hybrid,10157,2155,135
PE,2025,Hybrid,5578,1193,22
PT,2025,Hybrid,9636,3375,843
TR,2025,Hybrid,61547,10790,3481
SA,2025,Hybrid,14802,2511,293
MY,2025,Hybrid,21503,4655,118
AR,2025,Hybrid,7488,1441,51
IS,2025,Hybrid,552,155,19
CZ,2025,Hybrid,9355,3371,1942
CO,2025,Hybrid,6747,1699,465
SK,2025,Hybrid,3036,956,445
AZ,2025,Hybrid,2825,859,40
CA,2025,Full OA,19321,15027,737
AR,2025,Full OA,5380,1415,12
AU,2025,Full OA,14746,12084,2052
RO,2025,Full OA,8883,7221,26
ES,2025,Full OA,31499,19142,369
BD,2025,Full OA,5047,3654,71
NG,2025,Full OA,5812,2573,42
TR,2025,Full OA,26012,13564,785
RU,2025,Full OA,21706,6973,83
CY,2025,Full OA,1147,881,10
EG,2025,Hybrid,15601,2984,144
KE,2025,Hybrid,4120,850,59
AG,2025,Hybrid,578,99,11
ZA,2025,Full OA,10505,7632,560
GR,2025,Full OA,7035,6031,24
IR,2025,Full OA,19645,15601,42
HR,2025,Full OA,3475,1955,5
TH,2025,Full OA,8488,7158,40
PK,2025,Full OA,8498,6027,35
ET,2025,Hybrid,3467,818,88
CL,2025,Hybrid,6673,995,73
DO,2025,Hybrid,412,167,4
EC,2025,Full OA,3551,1734,11
ZW,2025,Full OA,503,290,12
GB,2025,Full OA,31251,23762,5392
BR,2025,Full OA,49924,16289,101
KZ,2025,Full OA,3318,2213,11
AL,2025,Full OA,310,189,1
DE,2025,Full OA,29861,24151,9679
QA,2025,Hybrid,1704,800,39
JO,2025,Hybrid,3812,578,28
SG,2025,Full OA,3236,2516,37
IL,2025,Full OA,4281,3717,72
MX,2025,Full OA,12136,6704,24
LS,2025,Full OA,40,24,1
TW,2025,Full OA,9866,8588,30
PT,2025,Full OA,8014,5734,67
SV,2025,Full OA,124,21,0
NL,2025,Full OA,9620,7578,1672
TJ,2025,Full OA,512,81,0
SG,2025,Hybrid,8040,1447,176
ZW,2025,Hybrid,1005,189,17
BA,2025,Hybrid,841,183,0
NZ,2025,Full OA,1941,1480,254
RW,2025,Full OA,597,453,13
BE,2025,Full OA,5198,4007,87
SI,2025,Full OA,2254,1551,32
CZ,2025,Full OA,4603,3228,230
LU,2025,Hybrid,654,240,24
TZ,2025,Hybrid,2365,590,30
FR,2025,Full OA,15411,10793,2975
AE,2025,Full OA,2913,2320,16
CH,2025,Full OA,8277,6299,1587
IE,2025,Full OA,2850,2309,673
JE,2025,Full OA,4,4,2
CL,2025,Full OA,6253,3165,32
AG,2025,Full OA,380,257,10
EG,2025,Full OA,11989,7288,51
SE,2025,Full OA,7443,5792,3351
AT,2025,Full OA,4402,3586,887
GT,2025,Full OA,146,66,0
NI,2025,Hybrid,392,119,2
TJ,2025,Hybrid,1589,418,0
KZ,2025,Hybrid,5393,1653,49
PY,2025,Hybrid,724,157,1
MW,2025,Full OA,359,256,10
PS,2025,Full OA,824,696,6
MA,2025,Full OA,3537,2249,28
TN,2025,Full OA,1825,1462,18
PH,2025,Full OA,1859,859,11
FI,2025,Full OA,3574,2339,854
LK,2025,Full OA,995,643,13
RS,2025,Full OA,3347,2100,10
MO,2025,Hybrid,2483,448,9
SI,2025,Hybrid,2467,1090,524
AM,2025,Hybrid,1636,380,22
EC,2025,Hybrid,13434,4865,17
AZ,2025,Full OA,649,300,5
TT,2025,Full OA,110,65,2
SN,2025,Hybrid,457,92,7
UG,2025,Hybrid,1511,354,38
AE,2025,Hybrid,4387,994,57
RS,2025,Hybrid,2890,521,29
KE,2025,Full OA,1583,1077,37
NO,2025,Full OA,4865,3346,303
HU,2025,Full OA,5288,3598,543
GW,2025,Hybrid,37,14,8
ME,2025,Hybrid,531,66,5
GH,2025,Hybrid,3147,637,27
KW,2025,Hybrid,998,244,12
IQ,2025,Full OA,7549,3666,23
YE,2025,Full OA,595,342,0
NE,2025,Full OA,67,48,1
HK,2025,Full OA,3413,2904,39
KH,2025,Hybrid,979,257,25
MZ,2025,Hybrid,388,116,14
UG,2025,Full OA,1472,1157,18
LU,2025,Full OA,311,239,4
NP,2025,Hybrid,5076,1103,24
CI,2025,Hybrid,554,158,8
PE,2025,Full OA,3971,1602,6
MG,2025,Hybrid,179,41,4
LY,2025,Hybrid,1366,699,9
AO,2025,Hybrid,223,46,1
KH,2025,Full OA,448,306,23
NP,2025,Full OA,1811,1047,15
QA,2025,Full OA,1330,1079,25
GA,2025,Full OA,58,47,5
LB,2025,Full OA,1239,1039,9
DK,2025,Full OA,4301,3357,103
SO,2025,Full OA,335,275,3
FJ,2025,Full OA,88,67,0
UA,2025,Full OA,7822,1851,26
BJ,2025,Hybrid,397,101,10
MM,2025,Hybrid,471,151,7
TN,2025,Hybrid,4785,569,37
BJ,2025,Full OA,289,204,11
BO,2025,Hybrid,842,250,8
GH,2025,Full OA,2441,1697,23
MN,2025,Hybrid,1015,293,12
SL,2025,Hybrid,104,32,0
SD,2025,Full OA,519,380,11
LT,2025,Full OA,2280,1460,31
DM,2025,Full OA,6,4,0
ET,2025,Full OA,6045,5021,60
MK,2025,Hybrid,1054,267,97
CM,2025,Hybrid,1675,282,22
MN,2025,Full OA,330,196,2
CR,2025,Full OA,1125,234,16
EE,2025,Full OA,794,594,10
BG,2025,Hybrid,2664,505,58
OM,2025,Full OA,758,496,6
PR,2025,Full OA,400,255,3
SO,2025,Hybrid,232,63,1
DZ,2025,Full OA,2134,1205,8
SR,2025,Hybrid,42,9,0
KW,2025,Full OA,710,600,4
LV,2025,Full OA,929,685,5
RE,2025,Full OA,67,50,17
SD,2025,Hybrid,733,171,12
CM,2025,Full OA,809,578,17
ML,2025,Full OA,97,53,3
CR,2025,Hybrid,2444,762,19
AL,2025,Hybrid,773,206,3
CU,2025,Hybrid,798,227,9
SS,2025,Full OA,138,105,32
BI,2025,Full OA,92,43,11
MD,2025,Hybrid,445,123,11
HR,2025,Hybrid,2681,444,27
KN,2025,Hybrid,195,28,3
RE,2025,Hybrid,112,37,24
SM,2025,Full OA,10,7,0
AM,2025,Full OA,443,217,3
AF,2025,Hybrid,671,273,1
LC,2025,Hybrid,14,5,0
MM,2025,Full OA,165,98,1
LA,2025,Full OA,63,45,4
LB,2025,Hybrid,1462,263,17
PA,2025,Hybrid,1575,564,12
XK,2025,Hybrid,341,66,1
GA,2025,Hybrid,56,19,4
GE,2025,Hybrid,1255,258,3
GL,2025,Full OA,22,20,1
GI,2025,Full OA,7,5,2
CG,2025,Hybrid,159,86,0
LA,2025,Hybrid,208,22,3
TG,2025,Hybrid,242,70,3
UY,2025,Hybrid,1220,198,11
BW,2025,Full OA,253,192,3
EE,2025,Hybrid,1128,315,35
SV,2025,Hybrid,400,79,0
BA,2025,Full OA,670,249,0
CG,2025,Full OA,80,58,2
LV,2025,Hybrid,1161,325,21
CD,2025,Full OA,367,238,5
NA,2025,Full OA,130,96,6
OM,2025,Hybrid,1226,226,9
CU,2025,Full OA,313,125,2
TM,2025,Hybrid,88,41,2
SN,2025,Full OA,203,131,8
CY,2025,Hybrid,1801,497,67
UY,2025,Full OA,648,216,2
LK,2025,Hybrid,1567,323,46
YE,2025,Hybrid,995,163,2
BY,2025,Hybrid,2002,433,35
BY,2025,Full OA,663,155,13
SS,2025,Hybrid,318,111,71
MW,2025,Hybrid,340,67,13
TL,2025,Full OA,30,13,0
RW,2025,Hybrid,846,200,10
MV,2025,Hybrid,154,23,2
BF,2025,Hybrid,422,76,10
FJ,2025,Hybrid,195,46,1
KI,2025,Full OA,2,2,0
DO,2025,Full OA,132,56,2
ZM,2025,Full OA,465,294,7
KG,2025,Full OA,193,76,3
SY,2025,Full OA,503,419,2
LT,2025,Hybrid,1430,371,95
PS,2025,Hybrid,883,197,8
CD,2025,Hybrid,422,101,3
NA,2025,Hybrid,230,110,19
UZ,2025,Full OA,922,261,1
BH,2025,Hybrid,402,57,1
KG,2025,Hybrid,910,118,3
ZM,2025,Hybrid,867,202,9
MZ,2025,Full OA,285,156,6
HN,2025,Full OA,133,60,1
GD,2025,Hybrid,85,16,0
MU,2025,Full OA,50,28,3
TL,2025,Hybrid,144,44,0
LR,2025,Full OA,27,17,0
BW,2025,Hybrid,358,97,25
BF,2025,Full OA,311,224,3
KN,2025,Full OA,86,75,0
LS,2025,Hybrid,48,15,0
MG,2025,Full OA,82,65,2
LI,2025,Full OA,16,13,0
BN,2025,Full OA,156,95,0
GT,2025,Hybrid,523,174,1
PA,2025,Full OA,332,158,3
LI,2025,Hybrid,39,16,11
MT,2025,Hybrid,359,119,9
MK,2025,Full OA,361,180,4
BN,2025,Hybrid,386,64,0
ME,2025,Full OA,261,190,2
GP,2025,Full OA,50,33,6
KP,2025,Hybrid,274,30,0
BH,2025,Full OA,295,237,5
GY,2025,Full OA,28,17,1
HN,2025,Hybrid,263,81,1
BO,2025,Full OA,360,87,5
SY,2025,Hybrid,472,147,2
LY,2025,Full OA,230,95,0
SX,2025,Hybrid,18,2,0
TT,2025,Hybrid,160,30,2
GW,2025,Full OA,10,5,0
SC,2025,Hybrid,32,13,1
AF,2025,Full OA,169,125,0
TG,2025,Full OA,151,96,1
ML,2025,Hybrid,128,37,2
BT,2025,Hybrid,96,53,2
MD,2025,Full OA,502,132,1
XK,2025,Full OA,272,132,1
GN,2025,Hybrid,92,10,0
BQ,2025,Hybrid,1,0,0
MU,2025,Hybrid,138,11,1
PY,2025,Full OA,304,83,2
VE,2025,Full OA,361,88,1
PG,2025,Full OA,46,29,1
GM,2025,Hybrid,110,30,6
JM,2025,Full OA,47,34,1
GY,2025,Hybrid,71,17,1
NC,2025,Full OA,21,17,6
GE,2025,Full OA,299,145,1
GP,2025,Hybrid,62,14,9
MQ,2025,Hybrid,49,16,11
AW,2025,Hybrid,7,3,0
MR,2025,Full OA,27,22,0
JM,2025,Hybrid,89,11,0
SL,2025,Full OA,66,43,2
BI,2025,Hybrid,201,66,13
CV,2025,Full OA,18,8,0
BM,2025,Hybrid,9,2,0
HT,2025,Full OA,14,9,0
FO,2025,Full OA,20,16,0
NI,2025,Full OA,259,91,0
SZ,2025,Hybrid,49,11,2
GD,2025,Full OA,47,35,0
GM,2025,Full OA,75,56,2
MC,2025,Hybrid,50,11,5
PG,2025,Hybrid,107,32,1
MQ,2025,Full OA,34,33,6
MT,2025,Full OA,218,159,11
GN,2025,Full OA,52,38,0
BS,2025,Full OA,8,4,0
BT,2025,Full OA,42,33,1
KP,2025,Full OA,53,43,0
DM,2025,Hybrid,8,2,0
BB,2025,Full OA,32,17,0
ER,2025,Hybrid,7,0,0
GU,2025,Full OA,26,20,0
CW,2025,Hybrid,36,10,2
MC,2025,Full OA,10,9,0
JE,2025,Hybrid,10,4,3
VU,2025,Full OA,2,0,0
SC,2025,Full OA,10,4,0
BB,2025,Hybrid,42,8,2
ER,2025,Full OA,16,14,0
GF,2025,Hybrid,83,17,6
AS,2025,Hybrid,19,4,0
ST,2025,Full OA,36,11,0
DJ,2025,Full OA,12,9,1
GL,2025,Hybrid,14,9,6
AO,2025,Full OA,70,24,0
GF,2025,Full OA,32,29,3
NC,2025,Hybrid,27,7,4
NE,2025,Hybrid,111,36,0
SZ,2025,Full OA,27,16,0
TC,2025,Hybrid,34,1,0
VC,2025,Full OA,6,5,0
LR,2025,Hybrid,24,6,0
VC,2025,Hybrid,14,1,0
TD,2025,Hybrid,55,11,0
MV,2025,Full OA,53,43,0
PF,2025,Hybrid,25,5,4
GU,2025,Hybrid,36,10,1
VU,2025,Hybrid,5,0,0
CW,2025,Full OA,16,10,1
AX,2025,Hybrid,1,0,0
FO,2025,Hybrid,29,6,0
SJ,2025,Full OA,9,8,1
MR,2025,Hybrid,30,2,0
VI,2025,Hybrid,16,3,0
BS,2025,Hybrid,35,2,0
SM,2025,Hybrid,20,6,2
BZ,2025,Hybrid,19,3,0
VA,2025,Hybrid,13,2,0
WS,2025,Hybrid,8,0,0
VA,2025,Full OA,3,0,0
SR,2025,Full OA,4,1,0
TO,2025,Hybrid,21,10,1
AW,2025,Full OA,3,1,0
KY,2025,Full OA,8,5,0
WS,2025,Full OA,3,2,0
TD,2025,Full OA,26,16,0
VG,2025,Hybrid,19,2,0
CF,2025,Full OA,14,8,0
KY,2025,Hybrid,10,2,0
PF,2025,Full OA,19,12,3
DJ,2025,Hybrid,18,3,1
BZ,2025,Full OA,3,0,0
LC,2025,Full OA,2,2,0
AS,2025,Full OA,8,8,0
VG,2025,Full OA,1,0,0
AD,2025,Full OA,5,4,0
IM,2025,Hybrid,7,2,1
FM,2025,Hybrid,5,1,0
HT,2025,Hybrid,16,3,0
MS,2025,Hybrid,2,1,0
SJ,2025,Hybrid,3,3,2
ST,2025,Hybrid,13,2,0
CF,2025,Hybrid,18,3,1
CV,2025,Hybrid,14,4,1
VI,2025,Full OA,2,1,0
FK,2025,Hybrid,6,0,0
NU,2025,Hybrid,7,1,0
MP,2025,Full OA,1,0,0
AX,2025,Full OA,1,0,0
SX,2025,Full OA,4,3,0
GI,2025,Hybrid,11,2,0
TV,2025,Full OA,1,1,0
NU,2025,Full OA,1,0,0
TM,2025,Full OA,11,0,0
MP,2025,Hybrid,3,1,0
AD,2025,Hybrid,7,1,1
TO,2025,Full OA,8,3,0
FK,2025,Full OA,1,1,0
BM,2025,Full OA,4,1,1
KI,2025,Hybrid,1,0,0
PW,2025,Hybrid,3,2,0
SB,2025,Hybrid,3,0,0
CK,2025,Hybrid,1,1,0
IM,2025,Full OA,2,0,0
ID,2024,Hybrid,310514,78861,145
NA,2024,Hybrid,1284425,182077,9
DE,2024,Hybrid,63680,33874,27174
LU,2024,Hybrid,734,293,32
KR,2024,Hybrid,40462,6658,764
ES,2024,Hybrid,40318,16136,11549
SE,2024,Hybrid,13104,9445,7817
GB,2024,Hybrid,75165,38550,30368
ZA,2024,Hybrid,10297,4540,3237
BR,2024,Hybrid,76233,8576,355
US,2024,Hybrid,316682,65125,9464
RU,2024,Hybrid,71617,11384,150
SS,2024,Hybrid,329,83,46
CN,2024,Hybrid,525872,44534,1797
IN,2024,Hybrid,167477,16151,510
PL,2024,Hybrid,21940,5899,2779
FR,2024,Hybrid,43353,11823,7101
GE,2024,Hybrid,1176,250,4
TR,2024,Full OA,21105,8690,680
PH,2024,Hybrid,6329,1337,35
CN,2024,Full OA,255530,229849,555
AU,2024,Full OA,15555,12781,1693
RO,2024,Full OA,7775,5793,13
GB,2024,Full OA,31566,24373,5426
NA,2024,Full OA,229052,95876,0
IQ,2024,Full OA,8148,3953,29
TR,2024,Hybrid,59012,12252,3751
AT,2024,Hybrid,9188,5122,4227
ET,2024,Hybrid,3443,666,110
BE,2024,Hybrid,11371,2320,468
NL,2024,Hybrid,22512,13937,11543
JP,2024,Hybrid,64398,12323,4500
IT,2024,Hybrid,42696,18146,12869
CL,2024,Hybrid,6969,1000,137
DK,2024,Hybrid,9718,5024,3784
AR,2024,Hybrid,7352,1004,85
IR,2024,Hybrid,34092,5214,143
AU,2024,Hybrid,38518,18580,15154
CA,2024,Hybrid,43296,14565,10216
FI,2024,Hybrid,8188,5301,4380
MX,2024,Hybrid,19946,4200,136
KE,2024,Hybrid,3992,868,64
PE,2024,Full OA,4050,1262,8
KR,2024,Full OA,28005,24085,161
ES,2024,Full OA,32949,19592,1530
TN,2024,Full OA,1839,1408,21
IN,2024,Full OA,39536,21565,97
US,2024,Full OA,119898,94895,2869
IT,2024,Full OA,34121,28121,1850
BR,2024,Full OA,50194,16182,81
BG,2024,Full OA,2349,1438,10
SA,2024,Hybrid,16158,2978,310
CH,2024,Hybrid,14072,8112,6631
HU,2024,Hybrid,7291,2711,1790
EG,2024,Hybrid,18877,3288,198
CZ,2024,Hybrid,9230,3197,1798
NZ,2024,Hybrid,5603,2397,1887
GH,2024,Hybrid,2972,562,44
PA,2024,Hybrid,1215,241,13
MY,2024,Hybrid,23801,4595,134
UA,2024,Hybrid,16736,2882,95
PE,2024,Hybrid,5705,1215,15
PK,2024,Hybrid,21911,2907,84
JO,2024,Full OA,2415,1935,14
RO,2024,Hybrid,5230,1245,61
NO,2024,Hybrid,8164,5125,4106
PT,2024,Hybrid,11189,4200,3048
TW,2024,Hybrid,14263,2194,103
SK,2024,Hybrid,2936,791,393
IE,2024,Hybrid,6949,2860,2385
GR,2024,Hybrid,7527,1701,958
IL,2024,Hybrid,9095,2934,1864
AZ,2024,Hybrid,2423,651,30
NA,2024,Hybrid,188,60,24
CM,2024,Hybrid,1945,247,25
MA,2024,Hybrid,8134,932,45
ID,2024,Full OA,53969,23693,49
RS,2024,Full OA,3440,2006,8
JP,2024,Full OA,28596,24255,1316
MX,2024,Full OA,12634,6275,21
IL,2024,Full OA,4344,3691,70
PL,2024,Full OA,25813,15030,178
GR,2024,Full OA,6556,5517,176
NG,2024,Hybrid,15463,3787,135
KN,2024,Hybrid,107,11,4
BA,2024,Hybrid,891,170,3
IQ,2024,Hybrid,12836,2692,44
FR,2024,Full OA,16989,11529,2795
IS,2024,Hybrid,509,123,26
EC,2024,Hybrid,11197,3125,52
NP,2024,Hybrid,5015,785,23
NO,2024,Full OA,5242,3722,384
DE,2024,Full OA,32405,26269,9916
ZA,2024,Full OA,9884,7333,590
NL,2024,Full OA,10623,8579,1842
CM,2024,Full OA,858,641,12
TH,2024,Full OA,7309,6189,41
PR,2024,Full OA,385,241,2
SA,2024,Full OA,13024,11290,78
CY,2024,Hybrid,1777,504,70
LT,2024,Hybrid,1611,417,99
EC,2024,Full OA,3114,1181,9
CO,2024,Full OA,7879,2684,27
CA,2024,Full OA,20336,15756,672
ET,2024,Full OA,6533,5663,48
NI,2024,Hybrid,363,80,3
UG,2024,Full OA,1252,985,15
BD,2024,Full OA,4618,3515,45
RU,2024,Full OA,26433,7517,53
FI,2024,Full OA,3915,2742,846
SI,2024,Full OA,2262,1466,27
UA,2024,Full OA,9372,1902,24
PT,2024,Full OA,8629,5984,113
GH,2024,Full OA,2530,1921,18
BF,2024,Full OA,267,217,9
IR,2024,Full OA,18474,13666,49
GW,2024,Hybrid,28,5,3
HK,2024,Hybrid,9638,2095,606
QA,2024,Hybrid,1568,640,49
BD,2024,Hybrid,8719,1504,145
XK,2024,Hybrid,412,107,5
MO,2024,Full OA,935,811,1
HU,2024,Full OA,5163,3316,520
HK,2024,Full OA,3205,2648,39
BW,2024,Full OA,204,154,16
CH,2024,Full OA,8473,6594,1207
TH,2024,Hybrid,10537,1922,82
KZ,2024,Hybrid,5451,1426,32
PK,2024,Full OA,9796,7192,37
SE,2024,Full OA,7952,6252,3461
NG,2024,Full OA,6125,2847,51
AT,2024,Full OA,4592,3687,802
CL,2024,Full OA,6225,2994,27
MZ,2024,Full OA,275,152,12
SI,2024,Hybrid,2382,956,622
LY,2024,Hybrid,924,414,7
VN,2024,Hybrid,10356,1500,99
AR,2024,Full OA,5871,1300,20
CO,2024,Hybrid,8046,1743,619
NP,2024,Full OA,1740,861,8
TW,2024,Full OA,9728,8548,33
XK,2024,Full OA,245,137,1
EG,2024,Full OA,13309,7579,57
LB,2024,Full OA,1106,919,18
QA,2024,Full OA,1271,1046,19
CZ,2024,Full OA,4890,3253,217
BE,2024,Full OA,5671,4375,96
AL,2024,Full OA,261,138,0
BO,2024,Full OA,381,68,2
MY,2024,Full OA,7234,4662,23
KW,2024,Full OA,619,485,2
IE,2024,Full OA,2721,2205,654
SG,2024,Full OA,3192,2413,36
UZ,2024,Hybrid,4811,1558,17
BY,2024,Hybrid,1846,343,16
LK,2024,Hybrid,1712,300,80
VN,2024,Full OA,4017,2677,24
TJ,2024,Hybrid,2218,593,1
NA,2024,Full OA,124,87,7
KZ,2024,Full OA,2632,1513,10
NZ,2024,Full OA,2164,1663,218
TZ,2024,Full OA,1335,932,18
CY,2024,Full OA,961,736,12
SK,2024,Full OA,2287,1524,125
BO,2024,Hybrid,807,159,12
DK,2024,Full OA,4872,3846,178
HR,2024,Hybrid,2783,345,18
OM,2024,Full OA,634,414,3
AE,2024,Hybrid,4280,896,59
CR,2024,Hybrid,1921,460,15
HR,2024,Full OA,3665,1855,9
DZ,2024,Hybrid,6082,797,31
RW,2024,Hybrid,598,164,9
LV,2024,Full OA,886,617,7
HN,2024,Hybrid,264,53,1
PH,2024,Full OA,1870,765,8
DZ,2024,Full OA,2245,1017,8
ZM,2024,Full OA,359,246,9
LB,2024,Hybrid,1700,309,40
RS,2024,Hybrid,3071,474,31
BG,2024,Hybrid,2871,403,27
ML,2024,Hybrid,199,40,3
JO,2024,Hybrid,4436,740,31
MA,2024,Full OA,3146,2097,22
MO,2024,Hybrid,2183,356,4
MZ,2024,Hybrid,647,91,11
GN,2024,Hybrid,129,11,0
SY,2024,Hybrid,551,197,2
TM,2024,Hybrid,86,55,0
ZM,2024,Hybrid,677,120,15
BI,2024,Full OA,102,50,7
AE,2024,Full OA,2526,2095,14
MK,2024,Full OA,293,100,4
OM,2024,Hybrid,1234,176,11
RW,2024,Full OA,414,303,11
PS,2024,Full OA,557,448,3
UZ,2024,Full OA,1830,195,4
GD,2024,Hybrid,168,11,0
MT,2024,Full OA,197,136,3
MW,2024,Full OA,304,238,13
SG,2024,Hybrid,7854,1417,154
SV,2024,Hybrid,353,87,1
UY,2024,Hybrid,1302,199,12
LV,2024,Hybrid,1273,267,20
MW,2024,Hybrid,302,67,26
PY,2024,Hybrid,578,94,1
KE,2024,Full OA,1494,1058,37
MN,2024,Hybrid,916,326,8
LK,2024,Full OA,995,558,6
EE,2024,Full OA,745,499,9
TN,2024,Hybrid,4946,715,47
GN,2024,Full OA,37,26,1
PW,2024,Full OA,3,0,0
LT,2024,Full OA,2332,1427,26
BF,2024,Hybrid,549,63,6
CU,2024,Full OA,424,133,3
MM,2024,Hybrid,440,127,6
AG,2024,Hybrid,379,70,9
BW,2024,Hybrid,332,87,39
AM,2024,Full OA,380,158,0
VE,2024,Full OA,459,78,2
TD,2024,Hybrid,70,11,1
ZW,2024,Hybrid,724,105,11
SD,2024,Full OA,444,313,7
AL,2024,Hybrid,747,181,2
HN,2024,Full OA,123,44,2
TG,2024,Hybrid,305,46,4
KW,2024,Hybrid,1105,196,16
PS,2024,Hybrid,795,127,11
VE,2024,Hybrid,950,204,5
AF,2024,Hybrid,641,140,2
MK,2024,Hybrid,812,135,35
KH,2024,Hybrid,871,195,19
GL,2024,Full OA,33,27,1
BI,2024,Hybrid,178,34,13
MV,2024,Hybrid,129,17,5
KG,2024,Hybrid,584,104,3
CR,2024,Full OA,1193,182,5
LU,2024,Full OA,340,265,6
CD,2024,Full OA,311,183,2
YE,2024,Full OA,478,312,3
UG,2024,Hybrid,1403,299,25
MD,2024,Hybrid,413,103,3
KH,2024,Full OA,350,174,19
CG,2024,Full OA,66,40,0
CU,2024,Hybrid,927,176,12
TC,2024,Hybrid,38,0,0
AZ,2024,Full OA,547,212,1
BY,2024,Full OA,627,93,4
MU,2024,Full OA,49,26,0
BN,2024,Full OA,187,106,0
GF,2024,Hybrid,65,13,4
BT,2024,Hybrid,80,14,3
PY,2024,Full OA,383,53,0
IS,2024,Full OA,361,231,7
MD,2024,Full OA,545,109,1
LA,2024,Full OA,44,32,3
TZ,2024,Hybrid,2239,521,34
MU,2024,Hybrid,147,19,1
CI,2024,Hybrid,567,86,13
ZW,2024,Full OA,400,257,7
EE,2024,Hybrid,1003,244,31
CW,2024,Hybrid,68,7,4
SY,2024,Full OA,421,314,1
GF,2024,Full OA,49,42,6
CD,2024,Hybrid,443,72,11
SN,2024,Hybrid,542,87,11
MN,2024,Full OA,287,165,1
JM,2024,Hybrid,124,16,1
UY,2024,Full OA,653,211,5
SS,2024,Full OA,119,43,20
SV,2024,Full OA,125,13,0
AM,2024,Hybrid,1631,254,8
SO,2024,Hybrid,214,67,1
SD,2024,Hybrid,787,152,14
DO,2024,Full OA,147,44,0
MG,2024,Full OA,91,64,5
LS,2024,Hybrid,52,12,1
KG,2024,Full OA,251,44,1
PR,2024,Hybrid,679,134,21
AG,2024,Full OA,164,69,4
SO,2024,Full OA,206,158,1
LI,2024,Full OA,24,22,0
YE,2024,Hybrid,1016,151,7
BH,2024,Hybrid,500,72,6
ME,2024,Full OA,142,77,1
ME,2024,Hybrid,322,42,5
SN,2024,Full OA,224,165,7
BS,2024,Hybrid,32,5,0
CF,2024,Full OA,15,12,0
GY,2024,Full OA,28,18,0
BH,2024,Full OA,205,145,4
SL,2024,Full OA,79,62,2
CG,2024,Hybrid,184,22,3
AF,2024,Full OA,154,106,2
GE,2024,Full OA,230,99,0
GT,2024,Hybrid,536,169,1
BJ,2024,Hybrid,499,69,9
KN,2024,Full OA,47,40,0
BA,2024,Full OA,755,238,1
MT,2024,Hybrid,361,96,9
NI,2024,Full OA,183,24,0
JE,2024,Hybrid,6,0,0
BN,2024,Hybrid,300,62,1
TG,2024,Full OA,102,77,0
LS,2024,Full OA,35,27,0
TJ,2024,Full OA,430,37,1
GT,2024,Full OA,160,38,0
BT,2024,Full OA,42,34,1
ML,2024,Full OA,72,52,1
KP,2024,Hybrid,98,8,0
GQ,2024,Hybrid,1,0,0
GM,2024,Full OA,83,57,5
CI,2024,Full OA,170,108,9
PA,2024,Full OA,305,96,3
MP,2024,Hybrid,6,2,0
DJ,2024,Hybrid,14,4,1
LY,2024,Full OA,167,88,1
TO,2024,Hybrid,13,6,0
KP,2024,Full OA,19,19,0
TT,2024,Full OA,95,62,0
GP,2024,Full OA,37,30,6
DO,2024,Hybrid,243,63,3
NC,2024,Hybrid,34,9,8
LA,2024,Hybrid,180,22,3
GY,2024,Hybrid,148,15,1
LR,2024,Full OA,19,13,0
KY,2024,Hybrid,13,1,0
HT,2024,Full OA,30,18,1
RE,2024,Full OA,77,53,14
MQ,2024,Full OA,27,25,6
AO,2024,Hybrid,156,27,4
SZ,2024,Hybrid,42,11,2
GA,2024,Full OA,77,60,5
AO,2024,Full OA,57,18,0
BJ,2024,Full OA,269,180,6
TL,2024,Full OA,39,16,0
MC,2024,Full OA,13,12,0
FJ,2024,Full OA,87,70,2
AS,2024,Hybrid,15,1,0
RE,2024,Hybrid,104,27,16
JE,2024,Full OA,2,2,0
FJ,2024,Hybrid,164,40,2
MF,2024,Full OA,1,0,0
TD,2024,Full OA,18,13,2
MG,2024,Hybrid,163,35,7
MM,2024,Full OA,96,50,1
TL,2024,Hybrid,111,30,0
MR,2024,Hybrid,30,7,2
SX,2024,Hybrid,41,1,0
VC,2024,Full OA,2,2,0
JM,2024,Full OA,43,27,2
ST,2024,Hybrid,58,12,3
CV,2024,Full OA,10,6,0
PG,2024,Hybrid,52,7,0
NU,2024,Hybrid,4,1,0
GP,2024,Hybrid,54,12,7
GA,2024,Hybrid,82,22,3
MV,2024,Full OA,31,24,0
NE,2024,Hybrid,164,35,1
LC,2024,Hybrid,45,31,0
GL,2024,Hybrid,29,10,7
TT,2024,Hybrid,158,16,0
AW,2024,Hybrid,10,1,0
SC,2024,Hybrid,24,9,4
NC,2024,Full OA,25,23,6
FK,2024,Full OA,4,4,1
SR,2024,Hybrid,30,3,1
GQ,2024,Full OA,3,3,0
VI,2024,Hybrid,20,4,0
BB,2024,Hybrid,79,7,0
BB,2024,Full OA,38,25,0
CW,2024,Full OA,15,8,1
GD,2024,Full OA,31,26,0
PG,2024,Full OA,37,21,1
GU,2024,Full OA,19,14,0
NE,2024,Full OA,69,40,0
GM,2024,Hybrid,83,22,10
AD,2024,Full OA,9,6,1
GU,2024,Hybrid,29,2,0
SL,2024,Hybrid,113,20,0
HT,2024,Hybrid,36,6,1
LI,2024,Hybrid,45,12,7
WS,2024,Hybrid,10,5,0
GI,2024,Hybrid,9,1,0
DJ,2024,Full OA,19,18,0
CV,2024,Hybrid,21,9,1
VC,2024,Hybrid,6,0,0
MQ,2024,Hybrid,35,5,3
AD,2024,Hybrid,3,1,0
SZ,2024,Full OA,21,14,0
FO,2024,Full OA,19,15,0
ST,2024,Full OA,16,11,1
AW,2024,Full OA,6,4,0
FO,2024,Hybrid,48,12,8
TM,2024,Full OA,22,1,0
WS,2024,Full OA,4,2,0
SR,2024,Full OA,12,7,1
SJ,2024,Full OA,15,13,2
PF,2024,Full OA,10,7,1
VI,2024,Full OA,3,3,0
CF,2024,Hybrid,26,2,0
ER,2024,Full OA,18,14,0
ER,2024,Hybrid,17,4,0
LC,2024,Full OA,3,2,0
VA,2024,Full OA,10,3,0
MR,2024,Full OA,20,17,0
BZ,2024,Hybrid,16,1,1
FK,2024,Hybrid,3,1,0
PF,2024,Hybrid,31,7,5
VU,2024,Full OA,5,3,0
LR,2024,Hybrid,33,8,0
BS,2024,Full OA,11,5,0
DM,2024,Hybrid,3,0,0
SB,2024,Hybrid,2,1,1
PW,2024,Hybrid,7,1,0
GW,2024,Full OA,14,7,0
MC,2024,Hybrid,36,7,1
SM,2024,Hybrid,11,3,2
SC,2024,Full OA,9,6,1
BZ,2024,Full OA,1,0,0
MF,2024,Hybrid,2,1,0
SM,2024,Full OA,8,6,0
MS,2024,Hybrid,4,2,0
TO,2024,Full OA,1,1,0
VA,2024,Hybrid,10,1,0
BM,2024,Hybrid,8,4,1
VU,2024,Hybrid,7,0,0
IM,2024,Hybrid,3,2,0
VG,2024,Hybrid,11,2,0
GI,2024,Full OA,3,2,0
SX,2024,Full OA,2,1,0
BM,2024,Full OA,5,3,0
KY,2024,Full OA,5,5,0
AX,2024,Full OA,1,1,0
DM,2024,Full OA,1,1,0
NU,2024,Full OA,3,0,0
AS,2024,Full OA,2,1,0
SJ,2024,Hybrid,4,1,1
MS,2024,Full OA,1,0,0
TC,2024,Full OA,1,1,0
FM,2024,Hybrid,1,0,0
IN,2023,Hybrid,163632,15776,269
NZ,2023,Hybrid,6522,2720,2178
TW,2023,Hybrid,14745,1561,63
AU,2023,Hybrid,40870,19107,16350
KE,2023,Hybrid,4359,1041,62
IL,2023,Hybrid,9836,2418,1312
LY,2023,Hybrid,584,136,7
NG,2023,Hybrid,17512,3404,115
GB,2023,Hybrid,80760,41202,33534
CA,2023,Hybrid,47621,10817,5328
CN,2023,Hybrid,496270,42098,1532
DE,2023,Hybrid,68966,29830,21717
ID,2023,Hybrid,293342,61506,153
ES,2023,Hybrid,43296,15971,11710
AO,2023,Hybrid,191,24,3
NA,2023,Hybrid,896441,105581,4
TR,2023,Hybrid,67937,9911,944
US,2023,Hybrid,336222,57251,10588
KR,2023,Hybrid,42422,5766,647
BR,2023,Hybrid,76018,7445,295
TZ,2023,Hybrid,1963,322,31
MA,2023,Full OA,2800,1908,8
SA,2023,Full OA,14258,12745,54
US,2023,Full OA,125559,98917,3425
RU,2023,Full OA,33267,12244,30
CN,2023,Full OA,248323,221258,481
PL,2023,Full OA,27490,15501,175
BR,2023,Full OA,53919,17304,71
FR,2023,Full OA,19506,13445,1720
IN,2023,Full OA,39805,22576,63
JP,2023,Full OA,30716,26525,1341
VN,2023,Full OA,3785,2574,17
AL,2023,Full OA,279,132,1
DE,2023,Full OA,34863,29008,7857
CA,2023,Full OA,21238,16781,689
CH,2023,Hybrid,15620,8181,6465
FR,2023,Hybrid,48488,8016,2983
HU,2023,Hybrid,7834,2771,1220
NL,2023,Hybrid,25041,15145,12839
HK,2023,Hybrid,9213,1477,197
CO,2023,Hybrid,8236,1415,592
IT,2023,Hybrid,44729,18366,13468
PT,2023,Hybrid,12372,4243,3336
PL,2023,Hybrid,25395,6305,3266
LU,2023,Hybrid,763,301,54
CZ,2023,Hybrid,10183,2919,1534
TH,2023,Hybrid,9761,1552,81
BD,2023,Hybrid,8556,1223,113
IR,2023,Hybrid,37959,5327,114
LV,2023,Hybrid,1498,275,21
PA,2023,Hybrid,915,143,16
HU,2023,Full OA,5483,3332,853
CZ,2023,Full OA,5624,3681,168
ES,2023,Full OA,35907,21127,1219
KR,2023,Full OA,29775,25529,119
CL,2023,Full OA,6714,3025,20
NA,2023,Full OA,157499,53030,1
GB,2023,Full OA,33130,26093,4988
ID,2023,Full OA,57216,25919,41
GH,2023,Hybrid,3159,488,30
DK,2023,Hybrid,10430,4790,3624
PT,2023,Full OA,10129,7074,124
DK,2023,Full OA,5274,4199,147
MX,2023,Hybrid,19497,3101,84
SA,2023,Hybrid,15987,2478,299
BE,2023,Hybrid,12691,2293,412
SE,2023,Hybrid,14069,9874,8476
RU,2023,Hybrid,84862,10964,186
MY,2023,Hybrid,24384,3337,139
KP,2023,Hybrid,89,5,2
PE,2023,Hybrid,5902,904,16
UA,2023,Hybrid,22065,3112,79
GR,2023,Hybrid,8145,1788,1031
SI,2023,Hybrid,2402,1012,732
FI,2023,Hybrid,8398,5302,4558
ET,2023,Hybrid,3604,685,56
BY,2023,Hybrid,2194,350,26
MQ,2023,Hybrid,35,8,3
ZA,2023,Hybrid,10399,3863,2475
JP,2023,Hybrid,66566,9366,2041
NO,2023,Hybrid,9015,5328,4381
IE,2023,Hybrid,7668,3194,2732
AR,2023,Hybrid,7814,921,55
NE,2023,Full OA,61,38,0
BE,2023,Full OA,6135,4758,82
IR,2023,Full OA,18762,13084,39
RO,2023,Full OA,8153,5671,10
PK,2023,Full OA,11045,8163,16
AU,2023,Full OA,16733,14031,1510
IT,2023,Full OA,37327,30949,1097
BG,2023,Full OA,2367,1388,16
EE,2023,Hybrid,1225,287,58
SG,2023,Hybrid,8178,1315,187
TR,2023,Full OA,21397,6995,426
CH,2023,Full OA,9165,7138,1058
ZA,2023,Full OA,9484,7336,373
LB,2023,Hybrid,1782,236,31
AT,2023,Hybrid,9638,5315,4400
JO,2023,Hybrid,4252,507,26
CM,2023,Hybrid,2210,285,19
LK,2023,Hybrid,2081,458,68
UA,2023,Full OA,10552,2140,14
NL,2023,Full OA,11696,9672,2037
IL,2023,Full OA,4718,3957,47
SI,2023,Full OA,2416,1502,32
RS,2023,Full OA,4069,1902,5
EG,2023,Full OA,15676,8897,37
RW,2023,Full OA,340,251,6
GR,2023,Full OA,6938,5879,121
MY,2023,Full OA,8528,6041,24
LK,2023,Full OA,1185,590,11
EG,2023,Hybrid,20526,3708,184
NP,2023,Hybrid,4608,484,18
PK,2023,Hybrid,20918,2825,79
PH,2023,Full OA,1583,847,11
TW,2023,Full OA,10895,9679,27
HK,2023,Full OA,3304,2747,28
NO,2023,Full OA,5740,4258,396
KG,2023,Full OA,152,40,0
YE,2023,Full OA,458,290,4
AE,2023,Hybrid,4171,671,49
VN,2023,Hybrid,9749,1106,104
TJ,2023,Hybrid,1980,401,1
PH,2023,Hybrid,6301,942,39
KW,2023,Hybrid,1101,174,16
SK,2023,Full OA,2678,1729,95
OM,2023,Full OA,640,393,3
LV,2023,Full OA,1026,714,2
FI,2023,Full OA,4207,3040,491
RO,2023,Hybrid,6334,945,51
EC,2023,Hybrid,8066,2144,51
KE,2023,Full OA,1469,1132,20
MX,2023,Full OA,12937,6222,18
GH,2023,Full OA,2492,1925,15
TZ,2023,Full OA,1064,780,13
LB,2023,Full OA,1001,812,9
IE,2023,Full OA,2934,2406,718
CO,2023,Full OA,8822,2625,17
NZ,2023,Full OA,2434,1889,189
IQ,2023,Full OA,8606,4169,29
AT,2023,Full OA,4941,4040,699
VE,2023,Full OA,583,93,2
HR,2023,Full OA,4025,1975,3
NG,2023,Full OA,6323,3361,32
TH,2023,Full OA,7106,6001,18
PE,2023,Full OA,4349,1172,6
EC,2023,Full OA,3024,1031,8
DZ,2023,Hybrid,5827,712,11
IQ,2023,Hybrid,13309,2322,38
CL,2023,Hybrid,7160,790,107
MK,2023,Hybrid,824,96,31
BJ,2023,Full OA,291,199,4
SG,2023,Full OA,3267,2517,31
KZ,2023,Full OA,2093,1111,6
IS,2023,Full OA,413,272,6
SE,2023,Full OA,8249,6694,3418
RS,2023,Hybrid,3571,431,21
SD,2023,Full OA,484,363,8
ET,2023,Full OA,5534,4860,39
KP,2023,Full OA,22,13,0
AZ,2023,Full OA,501,219,0
TN,2023,Full OA,1825,1465,8
SY,2023,Hybrid,554,136,5
MR,2023,Hybrid,47,11,1
PR,2023,Hybrid,704,129,7
LT,2023,Hybrid,1664,333,98
CD,2023,Hybrid,544,77,5
CU,2023,Hybrid,1163,112,8
LC,2023,Hybrid,18,0,0
BN,2023,Hybrid,414,53,1
KH,2023,Hybrid,775,148,15
PY,2023,Full OA,462,49,0
BD,2023,Full OA,4269,3280,33
CD,2023,Full OA,297,180,2
LT,2023,Full OA,2422,1511,16
MW,2023,Hybrid,254,44,8
NP,2023,Full OA,1725,771,6
TG,2023,Hybrid,308,46,1
GW,2023,Hybrid,45,12,3
UZ,2023,Hybrid,4341,874,14
KG,2023,Hybrid,412,89,2
SN,2023,Full OA,220,141,2
JO,2023,Full OA,2389,1915,8
UZ,2023,Full OA,2134,170,3
FJ,2023,Full OA,83,64,0
PA,2023,Full OA,309,99,5
AR,2023,Full OA,6879,1556,17
UY,2023,Hybrid,1222,162,12
AE,2023,Full OA,2429,2037,8
HR,2023,Hybrid,3188,322,21
OM,2023,Hybrid,1144,154,8
SK,2023,Hybrid,3333,651,284
KZ,2023,Hybrid,5526,1166,24
BO,2023,Hybrid,698,120,7
ZW,2023,Hybrid,669,126,11
CR,2023,Full OA,1231,171,2
AZ,2023,Hybrid,1949,398,13
TN,2023,Hybrid,4973,403,29
LU,2023,Full OA,367,305,13
BG,2023,Hybrid,3119,414,31
HN,2023,Hybrid,254,59,2
CM,2023,Full OA,893,664,11
AG,2023,Full OA,150,37,1
KN,2023,Hybrid,115,14,3
GL,2023,Full OA,26,24,0
AF,2023,Full OA,155,108,2
MS,2023,Hybrid,20,6,0
EE,2023,Full OA,867,559,5
CY,2023,Full OA,994,716,6
AM,2023,Full OA,364,129,2
LY,2023,Full OA,208,98,2
QA,2023,Hybrid,1714,627,32
UG,2023,Full OA,1097,912,11
ML,2023,Full OA,69,50,1
MN,2023,Hybrid,780,200,7
BN,2023,Full OA,197,128,0
SL,2023,Hybrid,102,20,1
SV,2023,Full OA,190,17,0
JM,2023,Hybrid,151,12,2
ZW,2023,Full OA,442,280,7
BW,2023,Full OA,203,155,8
PS,2023,Hybrid,854,113,10
MO,2023,Hybrid,1970,244,7
UG,2023,Hybrid,1274,247,23
MZ,2023,Hybrid,965,117,13
MO,2023,Full OA,805,693,0
DZ,2023,Full OA,2377,999,5
GA,2023,Full OA,64,54,4
YE,2023,Hybrid,1040,136,4
AM,2023,Hybrid,1653,328,4
GE,2023,Hybrid,1311,214,13
MT,2023,Hybrid,407,54,9
GD,2023,Hybrid,179,10,1
BH,2023,Hybrid,512,74,9
DO,2023,Full OA,154,45,0
BY,2023,Full OA,700,101,4
DJ,2023,Full OA,28,15,0
SD,2023,Hybrid,964,175,6
MD,2023,Hybrid,609,141,4
TT,2023,Hybrid,232,27,3
ME,2023,Hybrid,273,31,3
MA,2023,Hybrid,7941,828,29
SN,2023,Hybrid,758,75,3
UY,2023,Full OA,775,274,4
MW,2023,Full OA,282,220,11
RW,2023,Hybrid,428,84,10
SS,2023,Full OA,118,22,8
CI,2023,Hybrid,813,85,6
ML,2023,Hybrid,378,40,1
BH,2023,Full OA,233,163,2
KN,2023,Full OA,47,41,0
PF,2023,Hybrid,41,5,1
VE,2023,Hybrid,915,160,7
CR,2023,Hybrid,1531,286,14
CY,2023,Hybrid,1856,359,37
BT,2023,Full OA,53,30,0
SS,2023,Hybrid,412,109,44
ZM,2023,Hybrid,641,90,8
MD,2023,Full OA,671,87,0
ME,2023,Full OA,163,80,1
MG,2023,Hybrid,206,30,3
SY,2023,Full OA,387,280,2
SO,2023,Full OA,121,81,0
QA,2023,Full OA,1312,1074,19
BO,2023,Full OA,359,72,2
IS,2023,Hybrid,540,126,17
GT,2023,Hybrid,484,151,1
BA,2023,Full OA,791,239,1
XK,2023,Hybrid,370,81,2
AF,2023,Hybrid,503,66,0
ZM,2023,Full OA,321,236,3
AL,2023,Hybrid,746,145,5
MM,2023,Hybrid,315,59,8
BA,2023,Hybrid,1041,135,1
TJ,2023,Full OA,473,48,1
AG,2023,Hybrid,347,33,5
MN,2023,Full OA,281,152,2
HN,2023,Full OA,135,31,0
PR,2023,Full OA,386,239,2
NE,2023,Hybrid,149,28,1
TC,2023,Hybrid,33,2,0
NA,2023,Hybrid,397,71,16
CG,2023,Full OA,65,49,1
CV,2023,Full OA,12,8,0
LI,2023,Full OA,21,18,3
ST,2023,Hybrid,64,5,1
MK,2023,Full OA,378,126,1
GT,2023,Full OA,186,40,0
MG,2023,Full OA,81,60,3
CI,2023,Full OA,224,142,6
PS,2023,Full OA,500,372,4
NA,2023,Full OA,139,107,5
GN,2023,Hybrid,155,8,0
SL,2023,Full OA,60,47,0
GF,2023,Full OA,56,49,4
SM,2023,Hybrid,16,2,0
RE,2023,Full OA,76,52,11
TL,2023,Hybrid,74,25,0
BF,2023,Hybrid,628,54,1
KW,2023,Full OA,583,464,3
BF,2023,Full OA,248,191,0
GY,2023,Hybrid,159,8,1
MV,2023,Hybrid,82,10,6
FO,2023,Full OA,19,15,0
GE,2023,Full OA,271,125,3
PY,2023,Hybrid,654,77,3
SZ,2023,Hybrid,63,16,2
PG,2023,Hybrid,61,16,4
NI,2023,Full OA,192,14,0
MT,2023,Full OA,201,149,3
NI,2023,Hybrid,298,23,1
TG,2023,Full OA,103,81,1
TM,2023,Hybrid,68,8,0
SV,2023,Hybrid,231,13,1
MU,2023,Full OA,55,36,0
TD,2023,Full OA,17,12,0
DO,2023,Hybrid,242,54,6
PG,2023,Full OA,38,24,1
XK,2023,Full OA,278,156,0
LI,2023,Hybrid,47,16,13
MZ,2023,Full OA,270,132,4
SO,2023,Hybrid,239,32,0
HT,2023,Hybrid,29,6,0
GU,2023,Hybrid,40,7,2
FJ,2023,Hybrid,146,30,1
BI,2023,Full OA,87,36,2
KH,2023,Full OA,362,132,8
KY,2023,Full OA,7,7,0
FM,2023,Full OA,4,2,0
CU,2023,Full OA,481,127,2
GL,2023,Hybrid,35,23,12
CW,2023,Hybrid,108,20,2
TC,2023,Full OA,1,1,0
MU,2023,Hybrid,200,20,4
CF,2023,Hybrid,51,2,0
MV,2023,Full OA,34,27,1
AS,2023,Hybrid,5,0,0
BJ,2023,Hybrid,724,110,7
PF,2023,Full OA,13,10,2
BW,2023,Hybrid,341,65,24
GF,2023,Hybrid,48,10,2
GN,2023,Full OA,26,20,0
LR,2023,Hybrid,20,3,1
BT,2023,Hybrid,114,18,1
MQ,2023,Full OA,36,30,1
DJ,2023,Hybrid,20,5,1
GM,2023,Full OA,69,56,3
LS,2023,Hybrid,58,12,2
RE,2023,Hybrid,126,21,7
TT,2023,Full OA,108,71,1
VG,2023,Hybrid,8,4,0
LR,2023,Full OA,16,13,0
NC,2023,Hybrid,35,12,0
GP,2023,Hybrid,76,23,3
LA,2023,Full OA,50,35,6
GP,2023,Full OA,38,28,0
CG,2023,Hybrid,234,20,0
SZ,2023,Full OA,33,25,2
MM,2023,Full OA,109,59,2
SX,2023,Hybrid,56,4,0
TD,2023,Hybrid,86,5,1
GQ,2023,Hybrid,2,1,0
TL,2023,Full OA,22,11,0
SJ,2023,Hybrid,6,2,2
CF,2023,Full OA,16,12,0
AD,2023,Full OA,6,2,0
LA,2023,Hybrid,138,29,2
AW,2023,Hybrid,11,3,1
MC,2023,Full OA,22,19,5
BS,2023,Hybrid,35,6,2
ER,2023,Hybrid,35,4,1
BI,2023,Hybrid,159,34,2
AW,2023,Full OA,6,5,1
LS,2023,Full OA,26,16,0
TM,2023,Full OA,19,0,0
SC,2023,Hybrid,14,3,1
WS,2023,Hybrid,12,2,0
MR,2023,Full OA,23,18,0
GY,2023,Full OA,16,11,0
JM,2023,Full OA,59,41,0
ST,2023,Full OA,32,5,0
GI,2023,Full OA,5,4,2
AO,2023,Full OA,51,18,0
CW,2023,Full OA,15,7,1
TO,2023,Hybrid,9,0,0
NC,2023,Full OA,34,27,1
CV,2023,Hybrid,21,3,2
FM,2023,Hybrid,2,2,1
GU,2023,Full OA,23,20,0
BB,2023,Hybrid,86,5,2
GM,2023,Hybrid,85,21,8
PW,2023,Hybrid,8,1,1
BS,2023,Full OA,5,4,0
VU,2023,Full OA,2,1,0
VI,2023,Full OA,12,9,0
GW,2023,Full OA,14,4,0
SR,2023,Hybrid,48,4,0
GA,2023,Hybrid,90,8,2
ER,2023,Full OA,17,15,0
BB,2023,Full OA,31,21,0
VI,2023,Hybrid,21,3,0
FO,2023,Hybrid,23,6,1
MC,2023,Hybrid,40,8,1
SM,2023,Full OA,9,7,0
AD,2023,Hybrid,6,3,2
MS,2023,Full OA,2,0,0
GI,2023,Hybrid,11,4,1
MF,2023,Hybrid,6,0,0
BZ,2023,Hybrid,10,3,0
IM,2023,Hybrid,3,0,0
SJ,2023,Full OA,3,3,0
WS,2023,Full OA,7,4,1
SB,2023,Hybrid,5,4,2
VA,2023,Full OA,5,0,0
BM,2023,Hybrid,8,1,1
KY,2023,Hybrid,15,5,1
VC,2023,Hybrid,7,0,0
MF,2023,Full OA,4,0,0
SC,2023,Full OA,7,5,0
VU,2023,Hybrid,9,2,1
SB,2023,Full OA,1,1,0
LC,2023,Full OA,2,2,0
FK,2023,Hybrid,8,3,1
AX,2023,Full OA,1,1,0
GQ,2023,Full OA,2,2,0
HT,2023,Full OA,27,15,0
GD,2023,Full OA,34,27,0
DM,2023,Hybrid,10,1,0
VC,2023,Full OA,4,4,0
VA,2023,Hybrid,19,0,0
SR,2023,Full OA,9,2,0
SX,2023,Full OA,8,7,0
KI,2023,Hybrid,3,1,0
MP,2023,Hybrid,2,1,0
VG,2023,Full OA,1,0,0
AS,2023,Full OA,1,0,0
YT,2023,Full OA,1,0,0
NU,2023,Hybrid,2,0,0
CK,2023,Hybrid,1,1,0
JE,2023,Hybrid,3,2,2
FK,2023,Full OA,3,3,0
BZ,2023,Full OA,2,2,0
TO,2023,Full OA,4,2,0
BM,2023,Full OA,3,3,0
TV,2023,Hybrid,1,0,0
US,2022,Hybrid,326058,38773,6523
ID,2022,Hybrid,223241,45435,91
DE,2022,Full OA,38486,32626,7186
IN,2022,Hybrid,148467,9902,130
AU,2022,Hybrid,41475,10397,7439
IT,2022,Hybrid,43254,11107,6966
BD,2022,Hybrid,8093,1320,66
ES,2022,Hybrid,40630,13031,9908
RU,2022,Hybrid,92402,8983,174
CN,2022,Hybrid,461694,41093,1148
GB,2022,Hybrid,80644,35157,29248
NL,2022,Hybrid,24252,13316,11259
HU,2022,Hybrid,7392,2421,829
GR,2022,Hybrid,8250,998,470
BY,2022,Hybrid,2463,476,7
NA,2022,Hybrid,851311,80256,1
BR,2022,Hybrid,72143,6500,205
CN,2022,Full OA,261882,234649,368
TW,2022,Full OA,14162,12986,16
CA,2022,Full OA,22556,17960,584
IN,2022,Full OA,38657,22177,54
ID,2022,Full OA,52444,23763,28
ZA,2022,Full OA,10287,7922,264
FR,2022,Hybrid,48713,6076,1988
NZ,2022,Hybrid,6578,1609,1047
DE,2022,Hybrid,68562,26576,18991
ZA,2022,Hybrid,10438,2096,818
IE,2022,Hybrid,6912,2555,2177
JP,2022,Hybrid,68711,7181,338
SI,2022,Hybrid,2357,724,442
DK,2022,Hybrid,9881,3667,2672
NO,2022,Hybrid,8250,4427,3627
BE,2022,Hybrid,11901,1711,293
US,2022,Full OA,130720,104573,2140
AU,2022,Full OA,18540,15776,1088
GB,2022,Full OA,34815,28096,4823
SE,2022,Hybrid,13708,8783,7431
IR,2022,Full OA,19781,12345,23
FI,2022,Full OA,4736,3626,505
HR,2022,Full OA,3996,1926,6
IT,2022,Full OA,38582,32522,750
RU,2022,Full OA,30774,11794,28
HU,2022,Full OA,5273,3299,315
CZ,2022,Full OA,6272,4133,41
ES,2022,Full OA,36652,22194,1106
BR,2022,Full OA,54033,17545,53
NA,2022,Full OA,151477,49875,0
SA,2022,Full OA,13389,11989,43
JP,2022,Full OA,33956,30021,156
PL,2022,Full OA,28137,17641,94
FR,2022,Full OA,21618,15241,1369
NZ,2022,Full OA,2836,2277,149
CA,2022,Hybrid,46354,6523,2252
EG,2022,Hybrid,20816,2809,110
NL,2022,Full OA,12504,10642,1754
FI,2022,Hybrid,8419,4815,4204
CH,2022,Hybrid,15618,7335,5410
ME,2022,Hybrid,233,20,0
AT,2022,Hybrid,9356,4640,3845
PK,2022,Hybrid,19106,2475,51
AE,2022,Hybrid,3442,438,29
KE,2022,Hybrid,3844,673,22
XK,2022,Hybrid,372,84,1
MY,2022,Hybrid,21216,2697,93
TW,2022,Hybrid,14021,1337,54
TR,2022,Hybrid,64575,5955,299
CZ,2022,Hybrid,9450,1340,164
KR,2022,Hybrid,40337,4805,524
PL,2022,Hybrid,22015,5105,2195
AR,2022,Hybrid,7395,658,44
MX,2022,Hybrid,17141,1936,62
CH,2022,Full OA,9784,7928,962
IE,2022,Full OA,3093,2559,680
RO,2022,Full OA,8371,5891,8
AT,2022,Full OA,5361,4546,568
NG,2022,Full OA,6472,3637,24
KR,2022,Full OA,31957,27387,112
TR,2022,Full OA,19869,5672,105
PT,2022,Hybrid,11521,2424,803
IR,2022,Hybrid,40108,3287,90
CR,2022,Hybrid,1061,165,6
RO,2022,Hybrid,6052,840,32
TT,2022,Full OA,141,104,0
TN,2022,Full OA,1943,1525,6
HK,2022,Hybrid,8328,679,75
EC,2022,Hybrid,5863,861,30
PH,2022,Hybrid,4748,645,15
PH,2022,Full OA,1526,845,5
VN,2022,Full OA,3633,2482,13
NO,2022,Full OA,5663,4500,504
MX,2022,Full OA,13012,6194,8
CM,2022,Full OA,816,639,6
PR,2022,Full OA,343,204,2
PK,2022,Full OA,11496,8546,26
BG,2022,Full OA,1866,1031,1
KZ,2022,Hybrid,4912,735,15
QA,2022,Hybrid,1675,514,170
KH,2022,Hybrid,600,72,3
MA,2022,Full OA,2509,1701,9
MW,2022,Full OA,264,211,11
PT,2022,Full OA,10344,7336,49
KW,2022,Full OA,618,487,1
SE,2022,Full OA,8823,7308,3359
LV,2022,Full OA,921,633,2
EG,2022,Full OA,15449,9015,30
HK,2022,Full OA,3398,2897,15
MM,2022,Hybrid,278,29,2
TH,2022,Full OA,7489,6396,20
MY,2022,Full OA,9423,6962,16
CL,2022,Full OA,6366,2866,16
BE,2022,Full OA,6624,5192,69
DZ,2022,Full OA,2036,933,4
CY,2022,Hybrid,1765,233,23
UA,2022,Hybrid,19415,2393,35
NG,2022,Hybrid,15961,2026,77
BD,2022,Full OA,4001,3024,25
DK,2022,Full OA,5576,4572,119
GH,2022,Hybrid,3333,473,29
ET,2022,Full OA,5706,5165,20
UA,2022,Full OA,9865,2035,1
CO,2022,Full OA,8656,2568,11
SG,2022,Hybrid,8052,895,86
TZ,2022,Full OA,893,700,16
AE,2022,Full OA,2438,2037,6
LB,2022,Full OA,901,737,2
GR,2022,Full OA,6454,5442,118
CO,2022,Hybrid,7557,1108,297
IL,2022,Hybrid,9650,1598,772
LI,2022,Hybrid,47,14,11
RS,2022,Full OA,4184,1797,3
IL,2022,Full OA,4943,4175,49
VE,2022,Full OA,627,94,2
AR,2022,Full OA,6624,1430,16
LU,2022,Hybrid,743,281,34
ZW,2022,Hybrid,745,94,11
NP,2022,Hybrid,3724,388,11
VN,2022,Hybrid,8703,686,71
QA,2022,Full OA,1329,1094,161
JO,2022,Full OA,2191,1743,9
SN,2022,Full OA,234,167,1
BF,2022,Full OA,230,194,3
LY,2022,Full OA,193,79,0
SS,2022,Hybrid,483,95,28
MO,2022,Hybrid,1636,146,4
RW,2022,Hybrid,395,62,9
PE,2022,Hybrid,5905,726,16
UZ,2022,Hybrid,3571,340,4
SK,2022,Hybrid,2791,398,35
KG,2022,Hybrid,957,39,0
LK,2022,Full OA,1193,645,9
NP,2022,Full OA,1692,726,9
UG,2022,Full OA,959,824,8
TH,2022,Hybrid,9402,1279,70
AL,2022,Hybrid,476,63,4
IS,2022,Full OA,394,247,8
LT,2022,Full OA,2398,1554,9
BW,2022,Hybrid,270,36,6
AZ,2022,Hybrid,1599,261,3
EE,2022,Full OA,874,595,8
GH,2022,Full OA,2114,1680,18
IQ,2022,Full OA,6673,3381,9
MN,2022,Hybrid,665,143,3
PS,2022,Hybrid,692,92,8
RS,2022,Hybrid,3618,364,20
CU,2022,Full OA,537,150,0
SD,2022,Hybrid,999,173,9
GD,2022,Hybrid,117,5,0
SG,2022,Full OA,3554,2762,19
BO,2022,Full OA,367,80,3
SN,2022,Hybrid,603,57,5
LT,2022,Hybrid,1778,254,37
LK,2022,Hybrid,2330,445,32
AZ,2022,Full OA,393,159,1
SD,2022,Full OA,458,326,4
OM,2022,Hybrid,1094,109,9
CY,2022,Full OA,1009,727,3
IQ,2022,Hybrid,12583,1880,32
JO,2022,Hybrid,3972,402,15
PE,2022,Full OA,3607,1006,9
RW,2022,Full OA,289,222,3
LV,2022,Hybrid,1363,137,8
KE,2022,Full OA,1410,1110,22
MA,2022,Hybrid,6776,536,21
KZ,2022,Full OA,1719,856,5
XK,2022,Full OA,274,133,1
CL,2022,Hybrid,6522,610,75
SL,2022,Hybrid,95,10,1
SK,2022,Full OA,2617,1704,8
ER,2022,Hybrid,27,2,0
CG,2022,Hybrid,173,14,0
MW,2022,Hybrid,223,43,13
TD,2022,Hybrid,66,5,0
SI,2022,Full OA,2445,1588,28
SA,2022,Hybrid,15058,2217,204
BJ,2022,Hybrid,612,85,5
BO,2022,Hybrid,613,105,4
BW,2022,Full OA,198,145,6
EE,2022,Hybrid,1168,218,44
CU,2022,Hybrid,844,127,6
BJ,2022,Full OA,264,189,2
LU,2022,Full OA,364,292,12
BY,2022,Full OA,745,116,3
TM,2022,Hybrid,67,7,0
UZ,2022,Full OA,335,139,2
CM,2022,Hybrid,2005,208,8
ME,2022,Full OA,180,82,0
ZM,2022,Hybrid,530,53,5
TT,2022,Hybrid,190,14,0
PS,2022,Full OA,449,336,4
TZ,2022,Hybrid,1695,236,23
NA,2022,Hybrid,195,36,7
KW,2022,Hybrid,986,122,9
SO,2022,Hybrid,131,20,1
GA,2022,Full OA,56,49,3
RE,2022,Full OA,82,62,5
IS,2022,Hybrid,461,112,18
EC,2022,Full OA,2925,942,8
DZ,2022,Hybrid,5581,427,14
FO,2022,Full OA,29,22,0
MZ,2022,Hybrid,864,75,6
BA,2022,Full OA,889,246,1
NA,2022,Full OA,113,90,2
GY,2022,Hybrid,108,10,0
VE,2022,Hybrid,639,93,4
TN,2022,Hybrid,4698,337,23
NI,2022,Full OA,207,15,0
GT,2022,Full OA,181,43,2
ML,2022,Hybrid,264,28,2
BG,2022,Hybrid,3165,274,17
LY,2022,Hybrid,538,135,5
YE,2022,Hybrid,732,80,5
LI,2022,Full OA,10,10,1
ET,2022,Hybrid,3519,672,38
BA,2022,Hybrid,1051,100,3
MO,2022,Full OA,835,707,1
HR,2022,Hybrid,3113,285,13
MN,2022,Full OA,342,202,0
LR,2022,Full OA,16,13,0
ZM,2022,Full OA,289,210,2
SS,2022,Full OA,160,30,5
BN,2022,Hybrid,283,25,1
TL,2022,Hybrid,64,21,0
TJ,2022,Full OA,402,66,0
CR,2022,Full OA,1202,193,3
SL,2022,Full OA,51,42,3
BH,2022,Hybrid,425,40,2
AM,2022,Hybrid,1413,177,2
BN,2022,Full OA,215,147,0
AG,2022,Hybrid,227,28,0
TJ,2022,Hybrid,1697,312,0
LB,2022,Hybrid,1649,155,10
GA,2022,Hybrid,91,11,1
CI,2022,Hybrid,713,66,7
MD,2022,Hybrid,532,112,3
GE,2022,Full OA,276,104,3
GE,2022,Hybrid,1021,154,5
AM,2022,Full OA,308,100,1
GP,2022,Full OA,56,39,2
AL,2022,Full OA,282,116,1
SY,2022,Hybrid,502,96,4
ZW,2022,Full OA,377,255,2
LA,2022,Full OA,67,48,5
PR,2022,Hybrid,643,110,8
GM,2022,Hybrid,63,22,5
CD,2022,Hybrid,450,60,1
BH,2022,Full OA,239,168,2
BF,2022,Hybrid,448,45,1
MU,2022,Hybrid,160,14,4
NI,2022,Hybrid,216,22,1
GN,2022,Hybrid,77,4,0
SY,2022,Full OA,388,258,2
PA,2022,Hybrid,388,60,12
MD,2022,Full OA,485,84,2
BB,2022,Hybrid,57,5,2
MZ,2022,Full OA,295,154,1
ML,2022,Full OA,91,62,1
YE,2022,Full OA,418,310,0
OM,2022,Full OA,567,327,3
FJ,2022,Full OA,87,72,0
CD,2022,Full OA,273,171,1
AO,2022,Hybrid,242,9,1
VA,2022,Hybrid,20,2,0
SV,2022,Hybrid,343,14,1
MM,2022,Full OA,152,67,2
MK,2022,Full OA,420,81,1
KH,2022,Full OA,259,119,5
JM,2022,Full OA,57,35,0
MT,2022,Full OA,190,134,7
MG,2022,Hybrid,144,23,2
MK,2022,Hybrid,727,80,15
LA,2022,Hybrid,100,16,2
PA,2022,Full OA,260,106,4
AF,2022,Hybrid,338,51,1
UY,2022,Hybrid,983,96,7
DO,2022,Full OA,157,41,1
KG,2022,Full OA,113,43,1
GT,2022,Hybrid,397,98,0
GP,2022,Hybrid,71,11,0
GL,2022,Hybrid,15,7,6
MT,2022,Hybrid,427,49,11
PF,2022,Full OA,18,16,3
GW,2022,Full OA,16,7,0
KP,2022,Hybrid,57,7,1
NE,2022,Hybrid,172,27,1
MC,2022,Full OA,26,22,0
UG,2022,Hybrid,943,149,12
LR,2022,Hybrid,30,5,2
UY,2022,Full OA,779,249,6
TG,2022,Hybrid,300,36,1
BI,2022,Full OA,79,33,1
BI,2022,Hybrid,162,14,2
CI,2022,Full OA,194,123,5
KY,2022,Hybrid,13,3,0
KN,2022,Hybrid,60,6,0
PY,2022,Full OA,435,52,2
AF,2022,Full OA,148,101,1
MV,2022,Hybrid,67,12,6
AO,2022,Full OA,63,16,0
MV,2022,Full OA,40,32,0
GI,2022,Hybrid,10,0,0
PG,2022,Full OA,31,24,1
CW,2022,Hybrid,66,7,5
FK,2022,Hybrid,9,1,1
PY,2022,Hybrid,451,74,6
CV,2022,Hybrid,41,13,1
HN,2022,Hybrid,184,19,3
NC,2022,Full OA,36,33,2
GQ,2022,Full OA,1,1,0
DO,2022,Hybrid,158,31,1
FJ,2022,Hybrid,194,40,1
GW,2022,Hybrid,42,6,4
BS,2022,Hybrid,23,3,0
SC,2022,Full OA,8,8,2
MF,2022,Hybrid,6,2,0
MR,2022,Hybrid,31,5,0
CF,2022,Full OA,12,7,1
FM,2022,Full OA,1,0,0
NC,2022,Hybrid,50,9,1
CG,2022,Full OA,77,49,1
RE,2022,Hybrid,104,14,1
VI,2022,Full OA,7,4,0
MU,2022,Full OA,63,30,0
WS,2022,Full OA,5,5,0
BS,2022,Full OA,18,7,0
NE,2022,Full OA,49,33,0
JE,2022,Hybrid,4,1,0
MG,2022,Full OA,70,54,1
GN,2022,Full OA,27,19,0
TG,2022,Full OA,96,67,0
SV,2022,Full OA,162,11,0
GD,2022,Full OA,44,38,0
GF,2022,Full OA,49,39,0
ER,2022,Full OA,30,23,1
BT,2022,Full OA,60,35,0
CF,2022,Hybrid,40,4,0
GY,2022,Full OA,16,12,0
BT,2022,Hybrid,121,17,1
DJ,2022,Full OA,12,10,0
CV,2022,Full OA,24,9,0
DM,2022,Hybrid,13,3,0
GM,2022,Full OA,69,63,5
GF,2022,Hybrid,50,13,3
SX,2022,Hybrid,25,5,1
AG,2022,Full OA,124,11,0
PG,2022,Hybrid,55,10,2
MQ,2022,Full OA,27,24,0
BM,2022,Full OA,2,2,0
KN,2022,Full OA,50,43,0
JM,2022,Hybrid,133,10,1
TD,2022,Full OA,20,14,0
KP,2022,Full OA,18,13,0
SO,2022,Full OA,77,66,0
SR,2022,Hybrid,28,5,1
SZ,2022,Hybrid,56,8,0
YT,2022,Hybrid,3,0,0
SR,2022,Full OA,11,10,0
LC,2022,Hybrid,14,0,0
FO,2022,Hybrid,23,7,0
GU,2022,Full OA,19,17,1
VG,2022,Hybrid,16,0,0
BB,2022,Full OA,39,26,0
MC,2022,Hybrid,47,2,0
PF,2022,Hybrid,32,8,4
MQ,2022,Hybrid,37,1,0
LS,2022,Hybrid,40,7,0
LS,2022,Full OA,32,27,0
PW,2022,Hybrid,5,0,0
SJ,2022,Full OA,1,1,0
HN,2022,Full OA,129,36,0
TM,2022,Full OA,11,1,0
GU,2022,Hybrid,26,7,2
AD,2022,Hybrid,11,0,0
DJ,2022,Hybrid,13,0,0
JE,2022,Full OA,4,4,0
GI,2022,Full OA,6,4,0
ST,2022,Hybrid,27,2,0
VC,2022,Hybrid,8,0,0
HT,2022,Full OA,20,11,0
VU,2022,Full OA,7,3,0
WS,2022,Hybrid,18,2,0
SM,2022,Full OA,9,6,0
KI,2022,Full OA,3,2,0
MS,2022,Hybrid,17,1,0
SX,2022,Full OA,11,9,0
TL,2022,Full OA,11,5,0
HT,2022,Hybrid,23,4,0
BZ,2022,Hybrid,8,3,0
MR,2022,Full OA,11,6,0
ST,2022,Full OA,14,2,0
GL,2022,Full OA,23,21,1
SM,2022,Hybrid,14,3,0
CW,2022,Full OA,15,12,1
MF,2022,Full OA,2,0,0
KI,2022,Hybrid,1,0,0
BM,2022,Hybrid,12,3,1
IM,2022,Hybrid,3,0,0
SZ,2022,Full OA,34,26,0
SJ,2022,Hybrid,1,0,0
TO,2022,Full OA,3,2,0
TO,2022,Hybrid,7,1,0
VI,2022,Hybrid,22,5,2
FK,2022,Full OA,4,4,1
FM,2022,Hybrid,1,0,0
LC,2022,Full OA,5,5,0
KY,2022,Full OA,6,4,1
PW,2022,Full OA,3,2,0
SC,2022,Hybrid,11,1,0
MS,2022,Full OA,2,2,0
AX,2022,Hybrid,1,0,0
VU,2022,Hybrid,6,1,0
AW,2022,Hybrid,10,2,0
VG,2022,Full OA,1,1,0
AS,2022,Hybrid,2,1,0
DM,2022,Full OA,3,2,0
NU,2022,Hybrid,2,0,0
GQ,2022,Hybrid,1,0,0
YT,2022,Full OA,2,0,0
BZ,2022,Full OA,5,1,0
TC,2022,Hybrid,2,0,0
VA,2022,Full OA,6,1,0
TV,2022,Hybrid,1,0,0
TC,2022,Full OA,2,2,0
MP,2022,Full OA,1,1,1
AD,2022,Full OA,6,4,0
AW,2022,Full OA,1,1,0
MP,2022,Hybrid,1,0,0
NA,2021,Hybrid,834452,70290,1
US,2021,Hybrid,358627,30629,3253
FR,2021,Hybrid,52320,4675,644
GB,2021,Hybrid,88692,27019,17406
NL,2021,Hybrid,25606,12677,9651
DK,2021,Hybrid,10605,2262,1211
CH,2021,Hybrid,16512,6463,4781
CN,2021,Hybrid,409870,27885,669
VN,2021,Hybrid,8075,610,24
IT,2021,Hybrid,47168,9507,5737
EE,2021,Hybrid,1114,153,23
RU,2021,Hybrid,100101,9987,174
KR,2021,Hybrid,42631,4025,340
MY,2021,Hybrid,22008,2297,33
BR,2021,Hybrid,83272,5259,155
ES,2021,Full OA,39130,24579,443
ID,2021,Hybrid,162044,29490,47
FR,2021,Full OA,22021,15570,964
SA,2021,Full OA,10291,8731,26
MD,2021,Full OA,449,81,1
DE,2021,Full OA,38377,32975,7152
CN,2021,Full OA,187936,158190,273
LT,2021,Full OA,2361,1411,5
BE,2021,Full OA,6729,5300,44
IT,2021,Full OA,37103,31462,418
NG,2021,Full OA,6050,3445,8
IN,2021,Full OA,33942,17955,35
US,2021,Full OA,130251,101073,1297
AU,2021,Full OA,18904,15426,91
AT,2021,Hybrid,9648,4519,2513
IN,2021,Hybrid,136985,6998,88
DE,2021,Hybrid,75799,27274,18597
NL,2021,Full OA,12684,10822,1386
JP,2021,Hybrid,74682,6925,176
PL,2021,Hybrid,23937,5562,478
ES,2021,Hybrid,43456,9978,5765
CA,2021,Hybrid,52001,5391,1331
IE,2021,Hybrid,7891,2396,1960
HK,2021,Hybrid,8155,526,32
BD,2021,Hybrid,7760,623,37
SI,2021,Hybrid,2526,590,49
TR,2021,Hybrid,62165,3988,46
EC,2021,Hybrid,4116,535,23
TH,2021,Hybrid,9160,929,28
PL,2021,Full OA,30280,19385,48
PT,2021,Full OA,10021,6643,26
JP,2021,Full OA,34187,29781,54
CO,2021,Full OA,8743,2345,5
TW,2021,Full OA,13644,12398,6
BD,2021,Full OA,3640,2664,14
PK,2021,Full OA,9920,6911,16
GB,2021,Full OA,36359,29075,3582
HR,2021,Full OA,3674,1660,1
PK,2021,Hybrid,17684,1944,35
SG,2021,Hybrid,8794,684,34
AU,2021,Hybrid,47042,3569,334
PT,2021,Hybrid,12082,1274,102
FI,2021,Hybrid,8109,4318,3752
BE,2021,Hybrid,13196,1570,217
SE,2021,Hybrid,14605,8666,3722
HR,2021,Hybrid,3204,254,9
DK,2021,Full OA,5676,4592,56
CZ,2021,Hybrid,9885,1290,123
SE,2021,Full OA,9345,7714,855
TR,2021,Full OA,19108,4854,8
ID,2021,Full OA,48437,20727,15
NO,2021,Full OA,5878,4682,264
MX,2021,Full OA,12603,5637,8
QA,2021,Full OA,1381,1125,125
RU,2021,Full OA,34328,9914,38
KR,2021,Full OA,32599,27906,12
EG,2021,Full OA,13694,7360,26
RO,2021,Full OA,7580,4946,9
SN,2021,Full OA,223,151,1
NG,2021,Hybrid,15777,1576,23
IR,2021,Full OA,19053,10481,25
BR,2021,Full OA,57748,16828,40
LK,2021,Hybrid,2609,401,9
CZ,2021,Full OA,6928,4650,26
LU,2021,Hybrid,684,235,19
HU,2021,Hybrid,7172,2267,1430
NO,2021,Hybrid,8869,4382,1503
AE,2021,Full OA,1875,1489,7
SA,2021,Hybrid,14208,1912,110
PE,2021,Hybrid,5190,554,12
NA,2021,Full OA,151023,46739,0
CH,2021,Full OA,9687,7817,827
AT,2021,Full OA,5358,4547,388
BG,2021,Full OA,1756,856,6
GR,2021,Full OA,5964,4902,11
CA,2021,Full OA,22485,17505,414
AR,2021,Full OA,7115,1519,11
IQ,2021,Full OA,5069,2641,7
FI,2021,Full OA,4612,3488,526
SK,2021,Hybrid,3426,434,33
MA,2021,Hybrid,6284,366,12
BW,2021,Full OA,160,120,2
EE,2021,Full OA,964,615,8
NZ,2021,Full OA,2725,2131,13
IL,2021,Full OA,4713,3821,11
IL,2021,Hybrid,10790,910,70
KW,2021,Hybrid,1038,116,3
PH,2021,Hybrid,3721,414,5
ZA,2021,Hybrid,10738,1163,151
GH,2021,Hybrid,2814,316,28
PH,2021,Full OA,1382,717,0
IE,2021,Full OA,3267,2675,529
HK,2021,Full OA,2802,2328,23
UG,2021,Full OA,953,827,4
LB,2021,Full OA,879,710,3
SG,2021,Full OA,3670,2786,14
MY,2021,Full OA,9059,6396,15
CL,2021,Full OA,6580,2793,18
HN,2021,Full OA,142,41,0
IR,2021,Hybrid,42615,2553,64
QA,2021,Hybrid,1699,471,207
RO,2021,Hybrid,6337,910,27
SI,2021,Full OA,2546,1624,3
TN,2021,Full OA,1640,1237,2
EC,2021,Full OA,2720,752,6
CO,2021,Hybrid,8270,1195,39
TZ,2021,Full OA,766,611,3
RE,2021,Hybrid,92,14,4
MX,2021,Hybrid,16591,1588,68
SD,2021,Hybrid,956,96,4
ET,2021,Hybrid,3678,665,26
GH,2021,Full OA,1688,1320,15
UY,2021,Full OA,883,264,1
ZA,2021,Full OA,9105,7218,39
UA,2021,Hybrid,22545,2918,23
PE,2021,Full OA,3597,693,3
SK,2021,Full OA,3156,1934,8
MD,2021,Hybrid,548,173,1
SD,2021,Full OA,393,263,3
VN,2021,Full OA,3333,2328,10
KE,2021,Full OA,1298,1044,15
CY,2021,Hybrid,1797,151,11
PY,2021,Hybrid,376,53,0
GR,2021,Hybrid,8815,694,36
AE,2021,Hybrid,3329,395,14
IQ,2021,Hybrid,9326,1426,26
ET,2021,Full OA,4564,4052,10
TH,2021,Full OA,6306,5095,15
KZ,2021,Full OA,1387,563,2
BA,2021,Hybrid,880,96,1
BY,2021,Hybrid,2554,329,14
LT,2021,Hybrid,1735,208,9
ZW,2021,Hybrid,699,90,6
CL,2021,Hybrid,7110,524,50
IS,2021,Full OA,364,249,2
KN,2021,Full OA,43,41,0
MA,2021,Full OA,2336,1441,2
CD,2021,Full OA,210,158,0
AF,2021,Full OA,143,95,0
GU,2021,Hybrid,36,3,0
JO,2021,Full OA,1533,1143,2
UZ,2021,Hybrid,3650,410,1
CM,2021,Hybrid,1988,159,8
BA,2021,Full OA,836,168,0
AR,2021,Hybrid,7988,531,32
CM,2021,Full OA,673,539,6
CY,2021,Full OA,903,628,1
MO,2021,Full OA,547,422,2
EG,2021,Hybrid,21287,1216,78
ZW,2021,Full OA,388,284,5
GF,2021,Full OA,45,36,3
NZ,2021,Hybrid,7259,620,33
TW,2021,Hybrid,14428,1295,33
CW,2021,Full OA,12,7,0
NP,2021,Hybrid,3296,345,14
DZ,2021,Hybrid,5754,308,8
LK,2021,Full OA,1228,628,1
HU,2021,Full OA,4559,2891,528
RW,2021,Full OA,250,186,0
KZ,2021,Hybrid,3871,549,5
PA,2021,Hybrid,393,44,6
XK,2021,Full OA,229,89,0
AG,2021,Hybrid,208,13,0
LV,2021,Full OA,840,512,1
RS,2021,Full OA,3890,1421,2
SX,2021,Hybrid,24,1,0
UA,2021,Full OA,11587,2243,3
KW,2021,Full OA,598,446,1
AM,2021,Hybrid,1139,123,8
BH,2021,Hybrid,445,52,3
KE,2021,Hybrid,3462,588,19
TJ,2021,Full OA,449,72,0
CI,2021,Hybrid,661,53,2
JM,2021,Hybrid,139,11,0
TN,2021,Hybrid,5348,269,14
MW,2021,Full OA,252,211,5
ZM,2021,Full OA,226,169,0
LV,2021,Hybrid,1406,128,8
PY,2021,Full OA,487,47,0
NA,2021,Hybrid,207,11,1
VE,2021,Full OA,711,143,0
JO,2021,Hybrid,3115,312,5
SY,2021,Full OA,285,182,0
NP,2021,Full OA,1862,719,1
PR,2021,Full OA,329,191,0
UY,2021,Hybrid,1076,83,10
AL,2021,Full OA,204,94,0
RS,2021,Hybrid,3618,320,14
GW,2021,Hybrid,30,4,3
AZ,2021,Full OA,462,151,0
BY,2021,Full OA,925,154,2
MK,2021,Hybrid,699,45,2
MK,2021,Full OA,325,101,0
DZ,2021,Full OA,1894,784,3
BG,2021,Hybrid,2943,258,12
BF,2021,Hybrid,371,32,2
AG,2021,Full OA,103,17,0
KP,2021,Hybrid,66,5,0
AZ,2021,Hybrid,1618,224,5
MO,2021,Hybrid,1334,90,4
MN,2021,Full OA,351,186,1
OM,2021,Hybrid,1232,94,6
CW,2021,Hybrid,45,7,3
BI,2021,Full OA,64,26,1
PS,2021,Full OA,365,258,0
CG,2021,Full OA,47,35,5
GE,2021,Hybrid,767,55,1
ML,2021,Hybrid,236,16,1
TJ,2021,Hybrid,1439,161,0
PS,2021,Hybrid,596,56,1
TZ,2021,Hybrid,1254,161,13
AL,2021,Hybrid,493,44,0
LS,2021,Full OA,30,20,0
LY,2021,Hybrid,584,129,4
GU,2021,Full OA,24,16,0
LI,2021,Hybrid,44,14,7
PA,2021,Full OA,296,126,3
ME,2021,Full OA,181,99,0
ZM,2021,Hybrid,450,50,3
LB,2021,Hybrid,1922,109,4
BO,2021,Hybrid,457,60,5
MG,2021,Hybrid,144,18,3
AO,2021,Hybrid,213,9,0
AF,2021,Hybrid,316,33,0
YE,2021,Full OA,416,296,1
KG,2021,Hybrid,1197,55,1
LS,2021,Hybrid,53,6,0
YE,2021,Hybrid,672,60,1
SS,2021,Hybrid,440,90,33
BH,2021,Full OA,209,132,5
AM,2021,Full OA,288,84,0
KH,2021,Hybrid,489,46,1
UZ,2021,Full OA,905,117,0
CU,2021,Hybrid,861,87,4
MZ,2021,Full OA,273,118,1
OM,2021,Full OA,668,341,1
ME,2021,Hybrid,258,30,0
ML,2021,Full OA,99,60,1
SZ,2021,Hybrid,53,13,1
GN,2021,Hybrid,94,9,1
CU,2021,Full OA,573,147,1
XK,2021,Hybrid,293,39,1
PR,2021,Hybrid,671,68,1
GY,2021,Hybrid,94,10,0
KH,2021,Full OA,262,110,0
NE,2021,Hybrid,113,15,0
MT,2021,Full OA,221,159,3
MZ,2021,Hybrid,904,60,6
VE,2021,Hybrid,797,113,4
DO,2021,Full OA,166,45,0
MW,2021,Hybrid,226,33,8
NE,2021,Full OA,34,20,0
LY,2021,Full OA,225,97,0
UG,2021,Hybrid,876,129,11
JM,2021,Full OA,85,65,2
MM,2021,Hybrid,275,33,3
MM,2021,Full OA,144,98,0
CG,2021,Hybrid,201,17,0
VG,2021,Hybrid,30,0,0
CR,2021,Full OA,1266,183,1
RW,2021,Hybrid,348,36,4
SY,2021,Hybrid,429,48,3
FJ,2021,Full OA,65,49,0
SN,2021,Hybrid,593,39,2
BN,2021,Full OA,151,99,0
GT,2021,Hybrid,313,53,2
TG,2021,Hybrid,250,24,0
BJ,2021,Full OA,230,150,1
WS,2021,Full OA,5,2,0
GE,2021,Full OA,282,80,0
CR,2021,Hybrid,992,115,3
PG,2021,Hybrid,65,5,0
IS,2021,Hybrid,517,72,13
PF,2021,Full OA,24,20,0
BW,2021,Hybrid,324,24,2
GT,2021,Full OA,160,45,0
MT,2021,Hybrid,428,56,4
TD,2021,Hybrid,48,3,0
NC,2021,Full OA,34,31,1
DO,2021,Hybrid,165,28,1
TT,2021,Hybrid,223,11,0
BJ,2021,Hybrid,601,84,1
NI,2021,Hybrid,253,18,0
GD,2021,Full OA,45,38,1
MN,2021,Hybrid,501,57,5
HN,2021,Hybrid,160,16,2
FJ,2021,Hybrid,159,30,1
BO,2021,Full OA,336,71,0
LU,2021,Full OA,369,316,12
BF,2021,Full OA,221,183,4
SV,2021,Hybrid,199,15,1
SR,2021,Hybrid,36,4,0
CD,2021,Hybrid,378,37,1
MU,2021,Hybrid,186,6,1
TM,2021,Full OA,14,4,0
SV,2021,Full OA,98,5,0
LR,2021,Hybrid,21,1,0
GF,2021,Hybrid,59,8,0
DJ,2021,Hybrid,13,0,0
SR,2021,Full OA,22,19,1
KN,2021,Hybrid,74,6,0
SL,2021,Full OA,40,34,1
MG,2021,Full OA,84,75,1
BN,2021,Hybrid,291,40,0
BI,2021,Hybrid,164,12,1
KY,2021,Hybrid,14,1,0
GM,2021,Hybrid,69,19,7
MC,2021,Full OA,28,24,0
CI,2021,Full OA,176,113,1
PF,2021,Hybrid,32,4,3
SC,2021,Full OA,8,6,2
KG,2021,Full OA,134,52,0
GM,2021,Full OA,68,57,1
SO,2021,Hybrid,55,7,0
SB,2021,Full OA,1,0,0
AO,2021,Full OA,61,18,0
GD,2021,Hybrid,122,11,0
TT,2021,Full OA,132,99,0
TG,2021,Full OA,95,54,0
RE,2021,Full OA,90,64,1
NI,2021,Full OA,224,20,0
SJ,2021,Hybrid,7,4,1
MV,2021,Hybrid,75,6,3
VA,2021,Full OA,5,2,0
MR,2021,Hybrid,31,1,0
FO,2021,Full OA,19,14,0
PG,2021,Full OA,25,19,0
SS,2021,Full OA,175,30,7
MC,2021,Hybrid,67,7,2
ER,2021,Full OA,29,25,0
BT,2021,Hybrid,127,19,2
MQ,2021,Full OA,22,13,0
MR,2021,Full OA,12,7,0
TL,2021,Full OA,17,6,0
FO,2021,Hybrid,17,2,0
BT,2021,Full OA,51,32,0
MU,2021,Full OA,44,25,0
ST,2021,Hybrid,27,1,0
BB,2021,Hybrid,72,4,0
SL,2021,Hybrid,84,9,1
GA,2021,Full OA,51,43,3
GQ,2021,Full OA,2,2,0
SM,2021,Hybrid,11,0,0
DJ,2021,Full OA,9,7,0
GL,2021,Full OA,19,18,1
ST,2021,Full OA,23,3,0
LA,2021,Full OA,53,44,0
TL,2021,Hybrid,27,5,0
LA,2021,Hybrid,74,7,0
GN,2021,Full OA,30,23,0
AW,2021,Hybrid,16,3,0
BS,2021,Hybrid,32,3,1
GP,2021,Hybrid,90,17,2
GP,2021,Full OA,50,22,0
MF,2021,Hybrid,3,0,0
GL,2021,Hybrid,24,10,3
NA,2021,Full OA,82,56,0
GI,2021,Full OA,10,10,0
AD,2021,Full OA,4,2,0
VA,2021,Hybrid,10,1,0
GA,2021,Hybrid,90,9,4
LR,2021,Full OA,16,13,0
AS,2021,Full OA,1,0,0
LC,2021,Hybrid,6,0,0
KY,2021,Full OA,10,6,0
TO,2021,Full OA,1,0,0
SZ,2021,Full OA,37,27,0
TM,2021,Hybrid,43,4,0
BS,2021,Full OA,11,7,0
HT,2021,Hybrid,23,0,0
TD,2021,Full OA,8,6,0
MV,2021,Full OA,32,22,0
VC,2021,Full OA,2,0,0
VU,2021,Hybrid,5,0,0
NC,2021,Hybrid,39,11,2
CF,2021,Hybrid,22,2,0
SB,2021,Hybrid,2,1,0
BB,2021,Full OA,26,18,0
BZ,2021,Full OA,8,5,0
KP,2021,Full OA,16,7,0
VU,2021,Full OA,6,3,0
GI,2021,Hybrid,23,1,1
CF,2021,Full OA,8,7,0
KI,2021,Hybrid,3,0,0
BZ,2021,Hybrid,11,2,0
AD,2021,Hybrid,3,1,1
ER,2021,Hybrid,24,4,0
GY,2021,Full OA,12,8,0
SO,2021,Full OA,23,19,0
BM,2021,Full OA,4,3,0
MQ,2021,Hybrid,27,6,0
JE,2021,Hybrid,9,3,2
SM,2021,Full OA,9,5,0
CV,2021,Hybrid,19,0,0
HT,2021,Full OA,18,12,0
VI,2021,Hybrid,19,2,0
VI,2021,Full OA,15,10,0
SC,2021,Hybrid,15,0,0
FK,2021,Full OA,4,3,0
BM,2021,Hybrid,6,1,1
MS,2021,Hybrid,11,1,0
CV,2021,Full OA,15,7,0
SJ,2021,Full OA,3,3,0
AS,2021,Hybrid,3,0,0
FK,2021,Hybrid,6,1,0
PW,2021,Hybrid,5,0,0
GW,2021,Full OA,15,10,1
VC,2021,Hybrid,8,0,0
MS,2021,Full OA,2,0,0
WS,2021,Hybrid,16,2,0
AW,2021,Full OA,5,2,0
IM,2021,Hybrid,10,1,0
PW,2021,Full OA,3,1,0
LI,2021,Full OA,13,10,3
SX,2021,Full OA,2,2,0
TO,2021,Hybrid,7,2,0
TC,2021,Hybrid,2,1,0
TV,2021,Hybrid,1,0,0
LC,2021,Full OA,3,2,0
NU,2021,Hybrid,2,0,0
DM,2021,Hybrid,7,0,0
FM,2021,Hybrid,3,0,0
JE,2021,Full OA,2,2,1
MF,2021,Full OA,2,0,0
IM,2021,Full OA,2,2,1
DM,2021,Full OA,1,1,0
DE,2020,Hybrid,77792,23253,14770
DK,2020,Hybrid,10633,1248,73
NL,2020,Hybrid,26199,12052,5683
CN,2020,Hybrid,376080,23016,433
SE,2020,Hybrid,15047,7364,2307
ID,2020,Hybrid,121019,17543,39
RU,2020,Hybrid,88953,8698,66
EC,2020,Hybrid,3279,408,6
NA,2020,Hybrid,779004,57553,1
ES,2020,Hybrid,45653,4107,166
NG,2020,Hybrid,15658,1277,23
VN,2020,Hybrid,7969,715,20
IT,2020,Full OA,30907,24983,231
US,2020,Full OA,116915,86755,390
CN,2020,Full OA,152816,124353,181
GB,2020,Full OA,32783,24810,1888
FR,2020,Full OA,19404,12869,846
JP,2020,Full OA,29720,24897,42
NA,2020,Full OA,137662,40384,0
KR,2020,Full OA,28700,23861,8
FI,2020,Full OA,3987,2882,218
MX,2020,Full OA,11296,4529,4
TN,2020,Hybrid,4805,205,2
IR,2020,Hybrid,43910,1884,28
IN,2020,Hybrid,131444,5415,45
FR,2020,Hybrid,55286,4115,388
PT,2020,Hybrid,11752,958,29
AU,2020,Hybrid,49066,2831,142
US,2020,Hybrid,382714,24958,810
HU,2020,Hybrid,6867,2108,1008
GA,2020,Hybrid,68,4,1
NO,2020,Hybrid,9038,4045,1294
GB,2020,Hybrid,94160,23324,11592
CA,2020,Hybrid,53637,3687,77
SI,2020,Hybrid,2578,454,17
BR,2020,Hybrid,86076,4829,83
NZ,2020,Hybrid,7508,490,25
CH,2020,Hybrid,17100,3920,1986
KR,2020,Hybrid,43682,2594,21
UA,2020,Hybrid,23264,2256,9
TR,2020,Full OA,16470,4163,10
CZ,2020,Full OA,5834,3584,21
DE,2020,Full OA,31666,25842,6108
BG,2020,Full OA,1465,631,2
BE,2020,Full OA,5730,4238,26
AT,2020,Hybrid,9944,3935,616
TR,2020,Hybrid,54878,2871,29
IT,2020,Hybrid,50676,5873,2718
MX,2020,Hybrid,16566,1219,17
PK,2020,Hybrid,15633,1180,32
FI,2020,Hybrid,8335,2841,777
CZ,2020,Hybrid,10411,1205,69
BE,2020,Hybrid,13507,1415,109
ID,2020,Full OA,39190,17602,11
TH,2020,Full OA,4563,3432,6
TW,2020,Full OA,10525,9234,4
PL,2020,Full OA,25846,14238,53
RO,2020,Full OA,5491,3304,4
AT,2020,Full OA,4481,3555,78
PK,2020,Full OA,7538,5036,6
IN,2020,Full OA,28469,13276,18
JP,2020,Hybrid,78725,5370,93
TW,2020,Hybrid,14750,1037,6
TH,2020,Hybrid,8215,663,24
IL,2020,Hybrid,10972,734,25
IS,2020,Hybrid,547,68,9
PH,2020,Hybrid,3013,296,7
PE,2020,Full OA,2843,435,0
SK,2020,Full OA,2617,1338,5
ZA,2020,Full OA,7819,6153,21
NG,2020,Full OA,5548,3126,6
SE,2020,Full OA,8137,6575,569
PL,2020,Hybrid,27246,5191,403
CH,2020,Full OA,8398,6301,470
IE,2020,Hybrid,7955,1346,741
NO,2020,Full OA,5266,3916,228
AU,2020,Full OA,16457,12765,51
HK,2020,Full OA,2126,1703,2
ES,2020,Full OA,34643,19889,138
IR,2020,Full OA,17210,8291,12
RO,2020,Hybrid,6571,667,15
MA,2020,Hybrid,5485,299,3
CL,2020,Full OA,5804,2346,8
NL,2020,Full OA,10963,9082,952
CA,2020,Full OA,19034,14019,32
UA,2020,Full OA,11314,1780,3
RU,2020,Full OA,29022,7283,31
MA,2020,Full OA,1824,1268,3
EG,2020,Full OA,11532,5553,16
MO,2020,Hybrid,1174,45,0
KH,2020,Hybrid,405,54,0
IQ,2020,Full OA,4087,2256,4
PT,2020,Full OA,7898,4630,11
DK,2020,Full OA,5065,3834,29
DO,2020,Full OA,137,29,0
BR,2020,Full OA,58393,16105,29
HK,2020,Hybrid,8006,396,15
QA,2020,Hybrid,1817,505,182
HR,2020,Hybrid,3077,214,5
TJ,2020,Full OA,407,44,0
CO,2020,Full OA,8410,2046,4
SN,2020,Hybrid,563,28,0
MG,2020,Full OA,84,60,2
BD,2020,Hybrid,7555,434,15
MY,2020,Hybrid,18904,1471,29
EG,2020,Hybrid,20009,882,46
AR,2020,Hybrid,8755,450,9
SK,2020,Hybrid,3419,395,22
IQ,2020,Hybrid,7649,997,15
BD,2020,Full OA,2636,1697,4
NZ,2020,Full OA,2291,1708,5
HU,2020,Full OA,3881,2162,348
SA,2020,Full OA,8108,6466,11
PR,2020,Hybrid,603,56,1
LU,2020,Hybrid,646,172,8
SG,2020,Hybrid,9500,634,16
TJ,2020,Hybrid,1175,169,2
BW,2020,Full OA,154,118,2
LV,2020,Full OA,637,337,1
SG,2020,Full OA,3374,2406,19
EE,2020,Hybrid,1145,135,14
BY,2020,Hybrid,2089,256,6
DZ,2020,Hybrid,5388,253,5
SI,2020,Full OA,2110,1150,3
RS,2020,Hybrid,3708,232,7
PA,2020,Full OA,286,96,3
GR,2020,Full OA,4300,3202,5
AR,2020,Full OA,6872,1282,5
MY,2020,Full OA,7241,4867,1
PY,2020,Hybrid,315,13,0
PE,2020,Hybrid,3690,269,3
CO,2020,Hybrid,7687,524,16
ZM,2020,Hybrid,440,46,1
OM,2020,Hybrid,1069,80,2
IE,2020,Full OA,2615,2019,196
SA,2020,Hybrid,13606,1503,94
TZ,2020,Full OA,655,563,6
IL,2020,Full OA,3965,2927,4
RS,2020,Full OA,3306,1007,2
VN,2020,Full OA,3133,2154,7
ZA,2020,Hybrid,11527,929,47
UY,2020,Full OA,682,183,1
BN,2020,Full OA,125,80,2
BH,2020,Hybrid,391,41,2
GR,2020,Hybrid,8755,558,16
NP,2020,Full OA,1864,652,5
KE,2020,Full OA,1143,890,9
GH,2020,Full OA,1358,1025,13
FO,2020,Full OA,7,6,0
LT,2020,Full OA,1921,946,6
MW,2020,Full OA,179,147,3
PY,2020,Full OA,434,36,2
CU,2020,Hybrid,694,66,0
BI,2020,Full OA,77,20,0
SX,2020,Hybrid,15,0,0
GD,2020,Hybrid,114,10,1
ET,2020,Full OA,3544,3030,11
SN,2020,Full OA,201,134,0
BF,2020,Hybrid,354,27,1
HR,2020,Full OA,3022,1028,1
TN,2020,Full OA,1310,902,0
SY,2020,Full OA,250,153,0
GT,2020,Full OA,200,50,0
AE,2020,Hybrid,3333,286,6
CL,2020,Hybrid,7258,566,22
ET,2020,Hybrid,3828,817,18
YE,2020,Full OA,364,231,0
LB,2020,Hybrid,2115,118,5
YE,2020,Hybrid,536,42,2
BG,2020,Hybrid,2520,222,12
UZ,2020,Hybrid,2709,314,4
EC,2020,Full OA,2591,619,2
CM,2020,Hybrid,1764,112,6
MT,2020,Hybrid,434,44,6
KE,2020,Hybrid,3038,619,19
BW,2020,Hybrid,349,24,3
PA,2020,Hybrid,406,65,5
XK,2020,Full OA,166,51,1
DZ,2020,Full OA,1515,573,0
BF,2020,Full OA,162,130,1
MN,2020,Full OA,265,141,0
VE,2020,Hybrid,839,90,1
KZ,2020,Hybrid,3362,265,3
CU,2020,Full OA,486,117,0
LK,2020,Hybrid,1919,253,5
QA,2020,Full OA,1110,862,77
NP,2020,Hybrid,3187,210,0
KZ,2020,Full OA,1142,425,0
UG,2020,Full OA,706,606,3
CR,2020,Full OA,1361,151,0
SS,2020,Hybrid,406,51,17
BI,2020,Hybrid,169,10,0
LV,2020,Hybrid,1367,88,3
LY,2020,Hybrid,529,122,6
UY,2020,Hybrid,936,51,2
KH,2020,Full OA,208,97,2
CD,2020,Full OA,150,105,0
MO,2020,Full OA,436,322,0
VA,2020,Full OA,7,3,0
TZ,2020,Hybrid,1033,122,5
PS,2020,Hybrid,624,64,0
NI,2020,Hybrid,274,15,0
CM,2020,Full OA,650,476,2
RE,2020,Full OA,76,57,2
CG,2020,Hybrid,155,14,2
CY,2020,Hybrid,1695,129,5
GH,2020,Hybrid,2674,282,8
ML,2020,Full OA,73,52,0
AZ,2020,Hybrid,1423,131,0
KW,2020,Hybrid,1045,89,1
MZ,2020,Hybrid,599,59,2
AF,2020,Hybrid,289,44,0
UG,2020,Hybrid,811,121,9
IS,2020,Full OA,277,174,0
KW,2020,Full OA,506,376,1
SD,2020,Hybrid,808,87,2
LT,2020,Hybrid,1981,202,6
JO,2020,Hybrid,3143,280,8
NI,2020,Full OA,184,13,0
LK,2020,Full OA,928,473,0
ML,2020,Hybrid,196,18,0
BA,2020,Full OA,658,183,0
EE,2020,Full OA,778,432,5
ZW,2020,Hybrid,637,72,5
MV,2020,Hybrid,93,5,2
JO,2020,Full OA,1346,965,5
MG,2020,Hybrid,138,15,0
RW,2020,Hybrid,366,30,3
MN,2020,Hybrid,432,29,1
FJ,2020,Full OA,66,49,0
GD,2020,Full OA,38,31,0
PS,2020,Full OA,278,185,0
CD,2020,Hybrid,320,27,1
SV,2020,Hybrid,244,2,0
TT,2020,Full OA,109,68,0
XK,2020,Hybrid,257,24,1
GT,2020,Hybrid,259,57,0
VE,2020,Full OA,571,68,0
PR,2020,Full OA,365,197,0
MD,2020,Hybrid,323,93,1
BY,2020,Full OA,827,95,1
SL,2020,Full OA,50,36,1
CR,2020,Hybrid,978,113,5
AM,2020,Full OA,215,51,2
MK,2020,Full OA,311,83,0
LB,2020,Full OA,793,641,5
AZ,2020,Full OA,347,113,0
GP,2020,Hybrid,71,19,0
TT,2020,Hybrid,199,9,0
SD,2020,Full OA,361,256,2
LU,2020,Full OA,292,227,3
TG,2020,Hybrid,198,13,0
HN,2020,Full OA,95,22,0
JM,2020,Hybrid,127,12,0
TL,2020,Hybrid,8,2,0
BT,2020,Hybrid,64,7,0
SS,2020,Full OA,158,28,4
BO,2020,Hybrid,376,55,5
PH,2020,Full OA,1085,508,0
AE,2020,Full OA,1414,1047,4
MW,2020,Hybrid,231,39,3
KP,2020,Full OA,18,7,0
BB,2020,Full OA,30,24,0
MD,2020,Full OA,173,48,0
ZW,2020,Full OA,264,179,1
AM,2020,Hybrid,782,130,3
ME,2020,Full OA,220,111,0
SZ,2020,Full OA,30,15,0
CY,2020,Full OA,710,453,0
MM,2020,Hybrid,355,32,1
AL,2020,Hybrid,368,24,0
MK,2020,Hybrid,652,51,0
CI,2020,Hybrid,625,42,2
NA,2020,Hybrid,219,27,1
GA,2020,Full OA,38,35,3
MT,2020,Full OA,141,98,1
AL,2020,Full OA,174,68,0
CW,2020,Hybrid,38,3,1
SY,2020,Hybrid,361,35,1
NC,2020,Hybrid,63,7,1
CI,2020,Full OA,150,98,0
AG,2020,Hybrid,113,8,0
MZ,2020,Full OA,253,115,0
KG,2020,Hybrid,491,33,3
ME,2020,Hybrid,257,14,0
BA,2020,Hybrid,873,76,0
OM,2020,Full OA,479,249,1
GL,2020,Hybrid,23,5,0
GE,2020,Hybrid,540,31,1
BJ,2020,Hybrid,542,60,1
ER,2020,Hybrid,29,3,0
BO,2020,Full OA,304,38,1
BJ,2020,Full OA,196,129,1
RW,2020,Full OA,216,136,1
AO,2020,Full OA,48,10,0
GU,2020,Hybrid,31,4,0
ZM,2020,Full OA,206,146,1
CF,2020,Full OA,11,10,0
RE,2020,Hybrid,86,6,1
BB,2020,Hybrid,52,2,0
MC,2020,Hybrid,54,6,1
AW,2020,Hybrid,13,2,0
MU,2020,Hybrid,146,13,1
PF,2020,Hybrid,46,7,1
LS,2020,Full OA,19,14,0
TG,2020,Full OA,75,53,1
BM,2020,Hybrid,6,0,0
UZ,2020,Full OA,348,78,1
SM,2020,Full OA,7,3,0
KN,2020,Full OA,38,33,0
GF,2020,Full OA,46,37,1
MV,2020,Full OA,28,20,0
LA,2020,Full OA,39,33,0
MM,2020,Full OA,176,114,0
DO,2020,Hybrid,186,22,0
GM,2020,Full OA,61,55,2
GN,2020,Hybrid,59,6,0
JM,2020,Full OA,59,37,0
MR,2020,Hybrid,22,0,0
WS,2020,Full OA,10,6,0
MU,2020,Full OA,46,28,0
NA,2020,Full OA,78,58,0
AO,2020,Hybrid,229,10,0
SO,2020,Hybrid,51,5,0
GQ,2020,Full OA,1,1,0
LY,2020,Full OA,148,70,0
GW,2020,Full OA,19,8,0
GY,2020,Full OA,15,3,0
GE,2020,Full OA,227,61,0
SV,2020,Full OA,90,7,0
TD,2020,Hybrid,32,2,0
KG,2020,Full OA,104,36,0
NE,2020,Full OA,51,32,0
SR,2020,Hybrid,28,3,0
AF,2020,Full OA,66,45,0
BM,2020,Full OA,5,4,0
PW,2020,Full OA,2,2,0
LS,2020,Hybrid,47,2,0
SZ,2020,Hybrid,64,5,0
GU,2020,Full OA,35,23,0
TM,2020,Hybrid,49,2,0
ST,2020,Hybrid,27,1,0
FJ,2020,Hybrid,131,6,0
KP,2020,Hybrid,58,3,0
VU,2020,Hybrid,10,2,0
ER,2020,Full OA,34,29,0
KY,2020,Hybrid,16,0,0
BH,2020,Full OA,180,98,0
HN,2020,Hybrid,142,2,0
CG,2020,Full OA,48,34,0
PG,2020,Full OA,23,17,0
AG,2020,Full OA,52,9,0
SO,2020,Full OA,29,20,0
BS,2020,Hybrid,39,1,1
FM,2020,Full OA,1,1,0
GM,2020,Hybrid,75,16,1
MQ,2020,Hybrid,49,4,0
DM,2020,Hybrid,7,1,0
PF,2020,Full OA,23,16,0
MP,2020,Full OA,1,0,0
VI,2020,Hybrid,8,0,0
GL,2020,Full OA,12,11,1
PG,2020,Hybrid,58,4,0
TO,2020,Hybrid,2,0,0
FO,2020,Hybrid,17,4,1
GI,2020,Hybrid,27,0,0
KI,2020,Hybrid,5,0,0
HT,2020,Full OA,13,6,0
SC,2020,Hybrid,23,0,0
SR,2020,Full OA,11,9,0
BN,2020,Hybrid,230,29,0
NE,2020,Hybrid,115,13,0
MC,2020,Full OA,19,16,0
LR,2020,Full OA,8,6,0
CF,2020,Hybrid,20,0,0
LI,2020,Hybrid,51,7,4
SM,2020,Hybrid,11,1,0
HT,2020,Hybrid,14,2,0
LR,2020,Hybrid,15,1,1
GP,2020,Full OA,29,15,0
BT,2020,Full OA,38,27,1
VG,2020,Hybrid,18,0,0
GY,2020,Hybrid,42,5,0
NC,2020,Full OA,32,31,2
SB,2020,Hybrid,3,0,0
GN,2020,Full OA,23,19,0
LA,2020,Hybrid,53,13,1
MR,2020,Full OA,17,16,1
LI,2020,Full OA,19,8,0
GF,2020,Hybrid,54,6,0
CW,2020,Full OA,5,2,0
MQ,2020,Full OA,17,13,0
AD,2020,Full OA,3,1,0
MF,2020,Hybrid,2,0,0
GI,2020,Full OA,6,4,0
BS,2020,Full OA,7,3,0
TL,2020,Full OA,9,4,0
ST,2020,Full OA,33,4,0
GW,2020,Hybrid,19,2,0
VC,2020,Hybrid,5,0,0
BZ,2020,Hybrid,10,2,0
KN,2020,Hybrid,64,7,0
SX,2020,Full OA,3,2,0
CV,2020,Full OA,13,9,0
AS,2020,Full OA,1,1,0
AW,2020,Full OA,6,5,0
AD,2020,Hybrid,5,0,0
CV,2020,Hybrid,15,0,0
WS,2020,Hybrid,16,0,0
SL,2020,Hybrid,52,4,0
MF,2020,Full OA,2,0,0
MS,2020,Full OA,1,1,0
BZ,2020,Full OA,5,2,0
VC,2020,Full OA,1,0,0
TM,2020,Full OA,8,0,0
TD,2020,Full OA,7,7,0
MS,2020,Hybrid,4,0,0
SC,2020,Full OA,6,5,0
IM,2020,Hybrid,3,0,0
DJ,2020,Hybrid,16,2,0
PW,2020,Hybrid,5,0,0
TO,2020,Full OA,1,1,0
LC,2020,Hybrid,7,2,0
KI,2020,Full OA,1,0,0
VI,2020,Full OA,4,2,0
JE,2020,Full OA,1,1,1
MP,2020,Hybrid,2,1,0
IM,2020,Full OA,1,1,0
KY,2020,Full OA,2,0,0
FK,2020,Full OA,2,0,0
DJ,2020,Full OA,8,6,0
SJ,2020,Hybrid,8,7,0
NU,2020,Hybrid,2,0,0
TV,2020,Full OA,1,1,0
FK,2020,Hybrid,6,0,0
TC,2020,Hybrid,2,1,0
AS,2020,Hybrid,2,0,0
JE,2020,Hybrid,3,1,0
LC,2020,Full OA,4,1,0
VA,2020,Hybrid,7,0,0
VU,2020,Full OA,1,1,0
DM,2020,Full OA,1,0,0
VG,2020,Full OA,1,0,0
FM,2020,Hybrid,1,0,0
NA,2019,Hybrid,747753,54840,0
JP,2019,Hybrid,77364,4034,17
CA,2019,Hybrid,50522,2604,14
RU,2019,Hybrid,78585,7149,19
MA,2019,Hybrid,4224,240,0
NA,2019,Full OA,128570,35398,0
KR,2019,Hybrid,44061,2867,9
PT,2019,Full OA,6303,3019,3
PK,2019,Full OA,5179,3344,0
IN,2019,Full OA,22666,9543,4
VN,2019,Full OA,2024,1374,1
US,2019,Full OA,96331,69078,52
IT,2019,Hybrid,45050,3069,37
FR,2019,Hybrid,53907,3236,144
IE,2019,Hybrid,7504,451,7
DK,2019,Hybrid,10639,976,15
CN,2019,Hybrid,336734,17423,78
BE,2019,Hybrid,12808,1035,30
US,2019,Hybrid,360274,19326,135
GB,2019,Hybrid,89924,17087,3641
KR,2019,Full OA,22545,17849,1
CZ,2019,Full OA,4979,2662,1
DE,2019,Hybrid,76241,10941,3824
CN,2019,Full OA,126920,100432,22
IT,2019,Full OA,22245,16364,9
SE,2019,Full OA,6730,5127,8
AU,2019,Full OA,14441,10874,7
DE,2019,Full OA,25896,19548,997
CL,2019,Hybrid,6747,710,6
PL,2019,Hybrid,27944,4261,10
BR,2019,Hybrid,66196,5232,22
ES,2019,Hybrid,42863,3546,30
NL,2019,Hybrid,25647,9064,1680
EG,2019,Full OA,8672,3622,0
AU,2019,Hybrid,47579,2190,43
CZ,2019,Hybrid,10230,910,18
IR,2019,Hybrid,40205,1492,8
ID,2019,Hybrid,91012,11451,13
TR,2019,Hybrid,44510,2255,7
IN,2019,Hybrid,106564,3511,12
SG,2019,Hybrid,8647,447,2
BE,2019,Full OA,4634,3144,8
GR,2019,Hybrid,8285,419,2
NO,2019,Full OA,4530,3258,3
MY,2019,Hybrid,17656,1055,13
TR,2019,Full OA,14037,3645,0
GB,2019,Full OA,27309,20053,123
NL,2019,Full OA,9468,7439,74
FR,2019,Full OA,16015,9898,143
DK,2019,Full OA,4285,3050,5
RU,2019,Full OA,22762,4738,5
PL,2019,Full OA,21219,8697,2
ES,2019,Full OA,26886,13610,5
LB,2019,Full OA,672,500,1
HK,2019,Full OA,1638,1272,0
NO,2019,Hybrid,8610,2089,6
AT,2019,Hybrid,9356,2916,72
NZ,2019,Hybrid,6913,401,5
LB,2019,Hybrid,1723,102,2
IL,2019,Hybrid,10170,413,7
NG,2019,Hybrid,12470,1180,3
TJ,2019,Hybrid,1011,197,1
RS,2019,Hybrid,3649,251,0
RO,2019,Hybrid,6542,1343,5
RO,2019,Full OA,4033,2041,1
GR,2019,Full OA,3111,2180,1
CA,2019,Full OA,16134,11424,12
CM,2019,Hybrid,1289,103,0
UA,2019,Hybrid,19685,2127,4
JP,2019,Full OA,23562,18945,2
AT,2019,Full OA,3565,2728,14
SA,2019,Full OA,4918,3771,1
MA,2019,Full OA,1139,682,0
CU,2019,Full OA,447,92,0
MN,2019,Hybrid,327,22,0
MG,2019,Full OA,44,31,0
TW,2019,Hybrid,14314,847,3
TW,2019,Full OA,8587,7208,0
ID,2019,Full OA,32337,14814,2
BR,2019,Full OA,51113,13723,2
ZA,2019,Full OA,6672,5140,2
CL,2019,Full OA,4612,1600,4
MX,2019,Full OA,9756,3711,0
IR,2019,Full OA,14529,5650,2
ET,2019,Full OA,2153,1760,0
MT,2019,Full OA,112,64,0
PT,2019,Hybrid,11407,833,8
UG,2019,Hybrid,694,85,1
AR,2019,Hybrid,7450,312,4
IQ,2019,Full OA,3882,2123,0
CH,2019,Full OA,6713,4750,6
CY,2019,Full OA,529,333,0
MX,2019,Hybrid,15453,987,3
FI,2019,Hybrid,8207,1876,11
NG,2019,Full OA,3614,1986,0
LK,2019,Full OA,742,372,0
IL,2019,Full OA,3007,2081,1
PK,2019,Hybrid,11875,816,6
SE,2019,Hybrid,15189,4459,24
ET,2019,Hybrid,2995,529,3
CH,2019,Hybrid,16669,2193,31
HU,2019,Hybrid,6052,1438,110
GE,2019,Full OA,178,52,0
QA,2019,Full OA,703,546,0
AR,2019,Full OA,5555,1088,3
OM,2019,Full OA,363,157,0
SG,2019,Full OA,2669,1932,1
BG,2019,Full OA,1164,483,1
UY,2019,Hybrid,772,50,2
FI,2019,Full OA,3359,2308,0
SK,2019,Hybrid,3482,341,3
AE,2019,Hybrid,2774,169,0
KE,2019,Full OA,812,638,1
MY,2019,Full OA,5342,3246,0
MK,2019,Hybrid,568,40,0
SA,2019,Hybrid,10684,968,13
EG,2019,Hybrid,17602,710,13
HU,2019,Full OA,3074,1474,22
RS,2019,Full OA,3291,843,0
RW,2019,Hybrid,231,22,0
CO,2019,Hybrid,7066,593,4
NP,2019,Hybrid,2156,93,2
HR,2019,Hybrid,2800,138,1
LU,2019,Full OA,193,151,1
IE,2019,Full OA,2079,1456,0
PR,2019,Full OA,299,135,0
ZA,2019,Hybrid,10514,723,12
IQ,2019,Hybrid,5648,778,9
KW,2019,Full OA,377,250,1
KZ,2019,Full OA,795,260,2
PA,2019,Full OA,178,67,0
BI,2019,Hybrid,132,7,0
EE,2019,Hybrid,1174,104,1
TH,2019,Full OA,3262,2345,0
CY,2019,Hybrid,1438,107,1
LU,2019,Hybrid,656,99,3
JO,2019,Hybrid,2738,223,1
HN,2019,Hybrid,244,5,0
CO,2019,Full OA,7160,1335,1
GH,2019,Full OA,954,726,0
YE,2019,Full OA,208,96,0
MK,2019,Full OA,242,49,0
SI,2019,Full OA,1598,715,0
BG,2019,Hybrid,2749,201,3
UZ,2019,Hybrid,1158,159,0
BD,2019,Hybrid,5625,287,1
NP,2019,Full OA,1237,392,0
ML,2019,Hybrid,156,11,0
EC,2019,Hybrid,2816,187,1
AE,2019,Full OA,908,646,0
LV,2019,Full OA,517,221,0
KE,2019,Hybrid,2578,637,3
PE,2019,Full OA,2209,288,0
SK,2019,Full OA,1885,896,2
UG,2019,Full OA,491,421,0
HK,2019,Hybrid,7158,248,6
GT,2019,Full OA,119,30,0
HR,2019,Full OA,2574,678,0
EE,2019,Full OA,591,284,0
BD,2019,Full OA,1543,900,0
BB,2019,Full OA,18,11,0
AL,2019,Hybrid,304,27,0
TH,2019,Hybrid,7770,511,5
KH,2019,Full OA,131,55,0
JO,2019,Full OA,872,603,0
UA,2019,Full OA,9321,1468,0
VN,2019,Hybrid,5869,331,4
PE,2019,Hybrid,3419,209,0
UY,2019,Full OA,578,166,0
BY,2019,Hybrid,1897,232,0
GE,2019,Hybrid,479,31,0
GH,2019,Hybrid,2122,205,2
TD,2019,Hybrid,29,2,0
PH,2019,Full OA,859,351,0
RE,2019,Full OA,44,36,3
LT,2019,Full OA,1596,727,1
PA,2019,Hybrid,248,37,2
MN,2019,Full OA,220,115,0
EC,2019,Full OA,1914,418,0
BN,2019,Hybrid,171,17,0
TN,2019,Hybrid,4461,188,2
DZ,2019,Full OA,1194,384,0
GM,2019,Full OA,33,30,0
MD,2019,Hybrid,329,110,0
MW,2019,Hybrid,176,31,0
IS,2019,Hybrid,531,44,1
NZ,2019,Full OA,2023,1414,0
MW,2019,Full OA,153,110,0
ZM,2019,Hybrid,328,27,0
LY,2019,Hybrid,410,56,1
MO,2019,Hybrid,895,36,1
QA,2019,Hybrid,1446,193,4
MT,2019,Hybrid,348,22,2
PR,2019,Hybrid,590,41,0
MS,2019,Hybrid,11,1,0
AM,2019,Hybrid,710,76,0
BW,2019,Full OA,117,84,0
PH,2019,Hybrid,2408,231,0
CU,2019,Hybrid,654,45,2
GI,2019,Hybrid,28,2,0
AM,2019,Full OA,273,68,1
TN,2019,Full OA,989,586,1
CM,2019,Full OA,502,376,0
SS,2019,Full OA,120,23,0
BA,2019,Full OA,627,128,0
DZ,2019,Hybrid,4818,181,0
CD,2019,Full OA,99,64,0
AZ,2019,Full OA,254,90,0
SI,2019,Hybrid,2266,291,3
LT,2019,Hybrid,1958,166,2
LV,2019,Hybrid,1318,43,1
ER,2019,Full OA,20,17,0
VE,2019,Hybrid,661,56,1
BO,2019,Hybrid,408,72,2
NI,2019,Hybrid,276,11,0
PY,2019,Hybrid,223,26,0
CR,2019,Hybrid,663,38,0
PY,2019,Full OA,382,38,0
SS,2019,Hybrid,367,26,2
BF,2019,Hybrid,309,17,0
GN,2019,Full OA,21,14,0
NE,2019,Hybrid,134,9,0
BO,2019,Full OA,282,48,0
FJ,2019,Full OA,47,38,0
PF,2019,Hybrid,60,7,1
KW,2019,Hybrid,852,47,0
VE,2019,Full OA,495,64,0
CR,2019,Full OA,1145,132,0
BW,2019,Hybrid,304,25,1
KZ,2019,Hybrid,2319,169,0
MZ,2019,Full OA,197,86,0
CD,2019,Hybrid,247,13,1
BN,2019,Full OA,74,34,0
ZM,2019,Full OA,132,94,0
BH,2019,Hybrid,330,43,0
OM,2019,Hybrid,817,60,0
XK,2019,Hybrid,229,24,0
PS,2019,Hybrid,499,39,0
HN,2019,Full OA,79,15,0
SZ,2019,Full OA,27,18,0
LI,2019,Hybrid,58,2,0
LK,2019,Hybrid,1427,173,1
KH,2019,Hybrid,272,30,0
ZW,2019,Hybrid,549,92,0
SD,2019,Full OA,262,170,0
MO,2019,Full OA,327,248,0
AZ,2019,Hybrid,1087,129,1
TZ,2019,Hybrid,864,69,0
TL,2019,Full OA,8,3,0
BA,2019,Hybrid,743,56,1
RE,2019,Hybrid,101,6,0
MM,2019,Full OA,98,72,0
TZ,2019,Full OA,470,379,0
ME,2019,Hybrid,248,14,0
XK,2019,Full OA,178,43,0
SN,2019,Hybrid,460,38,1
NA,2019,Full OA,54,32,0
BT,2019,Hybrid,61,7,0
MU,2019,Hybrid,122,6,0
GY,2019,Hybrid,86,4,0
ZW,2019,Full OA,231,160,0
ME,2019,Full OA,180,73,0
SN,2019,Full OA,159,101,0
MD,2019,Full OA,112,37,1
MZ,2019,Hybrid,450,29,0
SY,2019,Full OA,137,85,0
SY,2019,Hybrid,290,22,0
NI,2019,Full OA,133,12,0
NA,2019,Hybrid,184,19,0
MC,2019,Hybrid,61,5,0
UZ,2019,Full OA,225,48,0
GT,2019,Hybrid,196,29,0
SD,2019,Hybrid,696,52,1
MM,2019,Hybrid,309,15,1
AO,2019,Hybrid,64,3,0
CI,2019,Hybrid,599,40,1
YE,2019,Hybrid,440,27,0
KG,2019,Hybrid,328,48,0
PS,2019,Full OA,219,145,0
BJ,2019,Hybrid,503,53,1
BY,2019,Full OA,744,81,0
CV,2019,Hybrid,10,3,0
TT,2019,Full OA,82,52,0
JM,2019,Hybrid,141,10,0
GP,2019,Full OA,29,16,0
CG,2019,Hybrid,158,7,0
GW,2019,Full OA,22,7,0
BJ,2019,Full OA,135,80,1
FJ,2019,Hybrid,137,11,0
GD,2019,Hybrid,78,1,0
TJ,2019,Full OA,407,45,0
CI,2019,Full OA,137,92,0
GA,2019,Hybrid,67,6,0
CF,2019,Hybrid,26,2,0
NC,2019,Hybrid,45,4,0
AG,2019,Full OA,55,7,0
NC,2019,Full OA,18,15,0
LY,2019,Full OA,101,42,0
TT,2019,Hybrid,201,10,0
TM,2019,Hybrid,43,2,0
MV,2019,Hybrid,53,3,0
AL,2019,Full OA,129,54,0
GL,2019,Hybrid,19,3,0
BB,2019,Hybrid,50,5,1
SZ,2019,Hybrid,52,12,0
BF,2019,Full OA,121,95,0
MG,2019,Hybrid,125,15,1
KY,2019,Hybrid,9,0,0
TG,2019,Hybrid,161,8,0
SV,2019,Hybrid,192,12,0
CV,2019,Full OA,13,6,0
LR,2019,Hybrid,12,0,0
RW,2019,Full OA,130,86,0
FO,2019,Hybrid,25,6,0
FM,2019,Hybrid,1,0,0
AF,2019,Hybrid,170,5,0
AG,2019,Hybrid,54,4,0
DO,2019,Hybrid,171,20,0
VG,2019,Hybrid,41,1,0
IS,2019,Full OA,261,156,1
PG,2019,Full OA,19,14,0
PG,2019,Hybrid,53,3,0
LS,2019,Hybrid,27,3,0
GF,2019,Full OA,36,27,1
DJ,2019,Full OA,3,1,0
SO,2019,Full OA,18,12,0
JM,2019,Full OA,38,15,0
MV,2019,Full OA,16,9,0
JE,2019,Hybrid,8,2,1
WS,2019,Hybrid,14,0,0
BI,2019,Full OA,54,17,0
PF,2019,Full OA,25,19,2
KG,2019,Full OA,67,22,0
CF,2019,Full OA,8,7,0
ML,2019,Full OA,53,30,0
VU,2019,Full OA,2,2,0
BH,2019,Full OA,108,65,0
AD,2019,Hybrid,6,1,0
DO,2019,Full OA,107,17,0
BM,2019,Full OA,3,3,0
BS,2019,Hybrid,26,2,0
KN,2019,Full OA,32,29,0
SV,2019,Full OA,83,3,0
JE,2019,Full OA,2,2,0
LI,2019,Full OA,7,5,0
LA,2019,Hybrid,51,6,0
NE,2019,Full OA,38,28,0
KP,2019,Hybrid,45,4,1
MR,2019,Full OA,8,7,0
GP,2019,Hybrid,55,9,0
BM,2019,Hybrid,6,0,0
MU,2019,Full OA,33,18,0
SB,2019,Hybrid,2,0,0
AS,2019,Hybrid,2,1,0
GN,2019,Hybrid,73,0,0
GM,2019,Hybrid,35,11,0
SO,2019,Hybrid,26,3,0
HT,2019,Hybrid,23,0,0
SM,2019,Full OA,8,4,0
FO,2019,Full OA,11,10,0
GW,2019,Hybrid,23,5,0
MC,2019,Full OA,20,19,0
SR,2019,Hybrid,16,1,0
ER,2019,Hybrid,39,5,0
GD,2019,Full OA,38,32,0
GU,2019,Hybrid,24,4,0
SX,2019,Hybrid,7,1,0
AO,2019,Full OA,51,12,0
ST,2019,Full OA,26,4,0
PW,2019,Full OA,5,4,0
VC,2019,Full OA,3,2,0
KN,2019,Hybrid,68,3,0
TG,2019,Full OA,48,35,0
BT,2019,Full OA,34,20,0
MQ,2019,Hybrid,41,5,0
VU,2019,Hybrid,15,0,0
GL,2019,Full OA,10,8,0
FK,2019,Full OA,2,1,0
SL,2019,Hybrid,44,4,0
LA,2019,Full OA,34,23,0
IM,2019,Hybrid,5,0,0
GF,2019,Hybrid,42,3,0
MR,2019,Hybrid,23,2,1
LC,2019,Hybrid,8,2,0
TD,2019,Full OA,4,4,0
CG,2019,Full OA,27,18,0
AD,2019,Full OA,2,0,0
SL,2019,Full OA,26,21,0
SJ,2019,Full OA,2,1,0
GA,2019,Full OA,40,33,1
BZ,2019,Hybrid,20,0,0
VG,2019,Full OA,1,0,0
BS,2019,Full OA,4,3,0
VC,2019,Hybrid,1,0,0
ST,2019,Hybrid,18,0,0
FM,2019,Full OA,1,0,0
LR,2019,Full OA,10,7,0
AW,2019,Hybrid,10,1,0
IM,2019,Full OA,3,3,0
AF,2019,Full OA,32,24,0
KY,2019,Full OA,2,2,0
SC,2019,Hybrid,11,1,0
VI,2019,Full OA,3,1,0
KP,2019,Full OA,7,5,0
SM,2019,Hybrid,12,0,0
MQ,2019,Full OA,23,14,0
LC,2019,Full OA,1,0,0
CW,2019,Hybrid,19,3,0
SJ,2019,Hybrid,2,1,0
GY,2019,Full OA,9,4,0
TO,2019,Full OA,2,2,0
VI,2019,Hybrid,12,1,0
GU,2019,Full OA,18,13,0
CW,2019,Full OA,7,3,0
LS,2019,Full OA,19,12,0
PW,2019,Hybrid,3,0,0
DJ,2019,Hybrid,8,3,0
TL,2019,Hybrid,7,1,0
YT,2019,Full OA,1,0,0
VA,2019,Full OA,4,0,0
FK,2019,Hybrid,11,2,0
MF,2019,Hybrid,2,0,0
GI,2019,Full OA,6,1,0
SR,2019,Full OA,6,4,0
HT,2019,Full OA,7,2,0
SC,2019,Full OA,2,2,0
VA,2019,Hybrid,4,0,0
NU,2019,Hybrid,2,0,0
MP,2019,Hybrid,2,0,0
TM,2019,Full OA,3,0,0
WS,2019,Full OA,1,1,0
KI,2019,Hybrid,1,1,0
DM,2019,Hybrid,3,1,0
AX,2019,Hybrid,1,0,0
TC,2019,Hybrid,2,1,0
GQ,2019,Hybrid,1,0,0
TO,2019,Hybrid,3,0,0
YT,2019,Hybrid,2,0,0
NA,2018,Hybrid,697283,61408,2
JP,2018,Hybrid,81503,4036,0
DK,2018,Hybrid,10882,952,1
ZA,2018,Hybrid,10171,776,3
SA,2018,Hybrid,9777,915,1
TR,2018,Full OA,11840,3303,0
US,2018,Hybrid,357026,19533,32
KR,2018,Full OA,18429,13597,0
LY,2018,Hybrid,284,72,0
IT,2018,Full OA,17603,11980,0
CN,2018,Full OA,97419,73593,1
ES,2018,Full OA,22749,9981,0
US,2018,Full OA,86511,60862,4
PK,2018,Full OA,3755,2266,0
NA,2018,Full OA,127725,33303,0
HK,2018,Full OA,1503,1124,0
PL,2018,Full OA,21098,6690,0
IT,2018,Hybrid,46330,3468,5
GB,2018,Hybrid,90453,17752,10
IN,2018,Hybrid,100388,4060,0
NL,2018,Hybrid,25372,7774,1660
BE,2018,Hybrid,13062,1019,10
RO,2018,Hybrid,5648,657,1
SG,2018,Hybrid,8771,463,0
SE,2018,Hybrid,15560,3875,1
CH,2018,Hybrid,16856,1833,4
CN,2018,Hybrid,298264,16079,10
ID,2018,Hybrid,59410,8900,7
PT,2018,Full OA,5511,2261,0
JP,2018,Full OA,21744,16971,0
NP,2018,Full OA,1060,329,0
ZA,2018,Full OA,6124,4459,0
IN,2018,Full OA,20423,8446,0
AU,2018,Full OA,12968,9301,0
NG,2018,Full OA,3253,1838,0
FR,2018,Full OA,14875,8422,0
GB,2018,Full OA,25239,17744,1
RU,2018,Hybrid,63805,4371,2
AU,2018,Hybrid,46786,2143,3
DE,2018,Hybrid,77216,6779,32
NL,2018,Full OA,8594,6496,53
TW,2018,Full OA,6974,5505,0
ES,2018,Hybrid,44334,3491,3
EG,2018,Hybrid,15582,828,0
MY,2018,Hybrid,17753,1175,2
BG,2018,Hybrid,2392,190,0
KR,2018,Hybrid,45477,3223,0
BY,2018,Hybrid,1481,268,0
PT,2018,Hybrid,11004,934,1
CD,2018,Hybrid,216,38,0
SK,2018,Hybrid,3304,333,0
BD,2018,Hybrid,5168,279,1
CA,2018,Hybrid,50905,2804,1
GR,2018,Hybrid,8394,483,0
AR,2018,Hybrid,7251,333,0
IQ,2018,Full OA,3064,1576,0
SA,2018,Full OA,3486,2491,0
ID,2018,Full OA,28412,12348,0
UG,2018,Full OA,427,346,0
FR,2018,Hybrid,56431,3134,3
BR,2018,Hybrid,58153,4133,4
PK,2018,Hybrid,10273,771,1
CY,2018,Hybrid,1401,110,0
VE,2018,Hybrid,653,55,0
MY,2018,Full OA,5285,2573,0
SE,2018,Full OA,5836,4285,1
TH,2018,Full OA,2838,1753,0
DE,2018,Full OA,22813,16218,1
TN,2018,Hybrid,5431,238,0
AT,2018,Hybrid,9472,2601,1
UG,2018,Hybrid,666,112,0
IR,2018,Hybrid,37658,1507,2
TH,2018,Hybrid,7798,555,0
BR,2018,Full OA,48056,13117,0
CZ,2018,Hybrid,9963,778,3
PL,2018,Hybrid,30267,4202,1
LK,2018,Hybrid,1387,158,0
CY,2018,Full OA,409,230,0
AZ,2018,Full OA,183,42,0
LU,2018,Hybrid,653,73,1
BO,2018,Hybrid,325,51,0
NO,2018,Hybrid,8624,1051,0
LB,2018,Full OA,541,408,0
RU,2018,Full OA,17504,3189,0
MU,2018,Hybrid,169,11,0
CL,2018,Hybrid,6593,446,1
CM,2018,Hybrid,1226,120,0
CZ,2018,Full OA,4402,2016,0
CA,2018,Full OA,14665,10127,1
BE,2018,Full OA,4329,2915,0
GH,2018,Full OA,793,572,0
CH,2018,Full OA,5916,4117,0
CL,2018,Full OA,4307,1330,0
MU,2018,Full OA,44,18,0
RO,2018,Full OA,2841,1223,0
AT,2018,Full OA,3140,2234,0
EE,2018,Full OA,465,194,0
MX,2018,Full OA,8765,3059,0
AE,2018,Hybrid,2372,146,0
FI,2018,Hybrid,8278,1244,1
IL,2018,Hybrid,10130,369,0
TR,2018,Hybrid,38179,3319,2
IR,2018,Full OA,11472,4516,0
SG,2018,Full OA,2397,1664,0
UA,2018,Hybrid,12756,1719,1
TZ,2018,Full OA,391,315,0
DK,2018,Full OA,3934,2755,0
AR,2018,Full OA,5578,1183,0
BD,2018,Full OA,1372,763,0
RS,2018,Full OA,2922,723,0
MD,2018,Hybrid,228,93,0
NZ,2018,Full OA,1795,1184,0
QA,2018,Full OA,449,326,0
IQ,2018,Hybrid,4020,621,0
HU,2018,Full OA,2418,1025,0
EC,2018,Full OA,1671,308,0
IE,2018,Full OA,1726,1139,0
EG,2018,Full OA,6791,2621,0
UA,2018,Full OA,7396,1507,0
IL,2018,Full OA,2701,1762,0
HU,2018,Hybrid,5750,648,0
CO,2018,Hybrid,6516,464,1
PE,2018,Full OA,1688,260,0
CO,2018,Full OA,6729,911,0
CR,2018,Hybrid,657,81,0
LB,2018,Hybrid,1647,97,0
HK,2018,Hybrid,6695,232,1
PE,2018,Hybrid,2131,222,1
QA,2018,Hybrid,1308,120,0
CR,2018,Full OA,864,88,0
FI,2018,Full OA,2846,1842,0
EC,2018,Hybrid,2490,192,0
GR,2018,Full OA,2554,1609,0
KE,2018,Hybrid,2310,621,4
MX,2018,Hybrid,14774,1099,0
JO,2018,Full OA,601,412,0
VN,2018,Full OA,1319,735,0
IS,2018,Hybrid,551,48,0
KW,2018,Hybrid,846,61,0
SK,2018,Full OA,1838,744,0
AE,2018,Full OA,641,409,0
DZ,2018,Full OA,1229,372,0
XK,2018,Full OA,172,47,0
TW,2018,Hybrid,15181,896,2
ZM,2018,Hybrid,312,43,0
NG,2018,Hybrid,10526,916,1
GH,2018,Hybrid,1851,192,4
SD,2018,Full OA,212,132,0
NO,2018,Full OA,3929,2675,0
IE,2018,Hybrid,7082,475,0
AM,2018,Full OA,255,58,0
ET,2018,Full OA,1505,1228,0
BO,2018,Full OA,237,24,0
BJ,2018,Hybrid,467,52,0
MN,2018,Full OA,216,81,0
UZ,2018,Hybrid,671,61,0
TJ,2018,Hybrid,634,85,0
SN,2018,Hybrid,413,36,0
SI,2018,Full OA,1329,499,0
DZ,2018,Hybrid,4781,197,0
NI,2018,Full OA,167,5,0
MK,2018,Full OA,209,44,0
MV,2018,Hybrid,55,2,0
MA,2018,Full OA,1093,567,0
SV,2018,Hybrid,102,5,0
RE,2018,Full OA,43,31,0
LK,2018,Full OA,761,380,0
AM,2018,Hybrid,661,86,0
PA,2018,Hybrid,248,24,0
TJ,2018,Full OA,300,17,0
PH,2018,Hybrid,1973,220,0
MZ,2018,Hybrid,288,31,0
VN,2018,Hybrid,4194,243,0
NC,2018,Hybrid,62,12,0
BA,2018,Full OA,553,129,0
CM,2018,Full OA,442,308,0
HR,2018,Hybrid,3058,206,0
SN,2018,Full OA,152,88,0
CU,2018,Hybrid,608,51,0
NZ,2018,Hybrid,6850,366,0
UY,2018,Full OA,584,154,0
RS,2018,Hybrid,3534,324,0
ZM,2018,Full OA,132,102,0
KZ,2018,Hybrid,1830,174,0
KH,2018,Full OA,154,65,0
BI,2018,Full OA,46,10,0
WS,2018,Hybrid,8,0,0
BT,2018,Hybrid,34,3,0
BY,2018,Full OA,423,76,0
BF,2018,Hybrid,306,42,0
ET,2018,Hybrid,2177,341,3
CG,2018,Full OA,14,6,0
KZ,2018,Full OA,500,162,0
SI,2018,Hybrid,2360,215,0
GY,2018,Hybrid,56,2,0
BG,2018,Full OA,913,301,0
YE,2018,Hybrid,395,29,0
LV,2018,Hybrid,1143,58,0
MA,2018,Hybrid,3890,267,0
SD,2018,Hybrid,610,82,0
MO,2018,Hybrid,839,22,0
GU,2018,Hybrid,32,5,0
LT,2018,Full OA,1661,507,0
MG,2018,Hybrid,106,16,0
PH,2018,Full OA,620,255,0
KE,2018,Full OA,686,519,0
JO,2018,Hybrid,2470,169,0
UY,2018,Hybrid,736,32,0
HR,2018,Full OA,2149,509,0
HN,2018,Full OA,77,14,0
MZ,2018,Full OA,218,94,0
LT,2018,Hybrid,1785,136,0
ZW,2018,Full OA,197,140,0
MW,2018,Full OA,155,112,0
ML,2018,Hybrid,154,17,0
ZW,2018,Hybrid,483,56,1
KH,2018,Hybrid,247,27,0
AZ,2018,Hybrid,978,95,0
MW,2018,Hybrid,195,36,0
KN,2018,Hybrid,64,6,0
LU,2018,Full OA,186,121,0
SS,2018,Hybrid,274,23,0
PY,2018,Full OA,329,20,0
MC,2018,Hybrid,52,1,0
CI,2018,Full OA,122,77,0
BF,2018,Full OA,131,98,0
TN,2018,Full OA,863,484,0
ME,2018,Full OA,219,70,0
TZ,2018,Hybrid,750,94,0
NP,2018,Hybrid,1943,109,0
IS,2018,Full OA,227,124,0
PA,2018,Full OA,166,66,0
GT,2018,Hybrid,209,32,0
MG,2018,Full OA,64,52,0
BA,2018,Hybrid,751,92,0
BW,2018,Hybrid,320,20,0
PY,2018,Hybrid,205,19,0
EE,2018,Hybrid,1076,95,0
FJ,2018,Hybrid,155,15,0
LA,2018,Hybrid,74,7,0
AG,2018,Hybrid,44,2,0
MO,2018,Full OA,281,214,0
MM,2018,Hybrid,258,24,0
JM,2018,Full OA,36,22,0
NI,2018,Hybrid,180,7,0
CG,2018,Hybrid,99,5,0
BN,2018,Hybrid,204,24,0
GE,2018,Full OA,181,48,0
MN,2018,Hybrid,339,95,0
BW,2018,Full OA,125,97,0
LY,2018,Full OA,118,45,0
VE,2018,Full OA,452,51,0
PS,2018,Full OA,175,110,0
MT,2018,Hybrid,436,42,0
CI,2018,Hybrid,627,50,0
FO,2018,Hybrid,23,3,0
RE,2018,Hybrid,85,6,0
LC,2018,Full OA,1,0,0
CU,2018,Full OA,400,98,0
LV,2018,Full OA,418,157,0
AL,2018,Hybrid,350,36,0
PR,2018,Hybrid,515,40,0
SY,2018,Full OA,119,60,0
KW,2018,Full OA,286,173,0
MK,2018,Hybrid,569,54,1
MD,2018,Full OA,110,36,0
BH,2018,Full OA,87,48,0
SY,2018,Hybrid,250,22,0
DO,2018,Full OA,98,8,0
CW,2018,Full OA,9,3,0
OM,2018,Hybrid,730,40,0
AF,2018,Hybrid,87,7,0
MS,2018,Hybrid,20,1,0
GD,2018,Hybrid,112,4,0
VG,2018,Full OA,3,2,0
JM,2018,Hybrid,142,14,0
CW,2018,Hybrid,28,0,0
NE,2018,Full OA,33,18,0
BH,2018,Hybrid,315,25,0
YE,2018,Full OA,170,74,0
BJ,2018,Full OA,118,70,0
RW,2018,Hybrid,212,26,0
PS,2018,Hybrid,428,34,0
KG,2018,Hybrid,190,19,0
ME,2018,Hybrid,202,14,0
GE,2018,Hybrid,411,34,0
NA,2018,Hybrid,152,14,0
TT,2018,Full OA,90,61,0
AG,2018,Full OA,41,6,0
MM,2018,Full OA,95,63,0
PG,2018,Hybrid,46,8,0
MT,2018,Full OA,101,49,0
MR,2018,Hybrid,20,1,0
NC,2018,Full OA,22,18,0
TT,2018,Hybrid,175,13,0
KG,2018,Full OA,57,18,0
UZ,2018,Full OA,126,31,0
ML,2018,Full OA,55,34,0
GA,2018,Full OA,38,29,0
KN,2018,Full OA,15,13,0
VG,2018,Hybrid,82,0,0
MP,2018,Hybrid,2,0,0
LI,2018,Hybrid,50,2,0
BN,2018,Full OA,69,36,0
MC,2018,Full OA,17,13,0
BB,2018,Hybrid,49,4,0
GW,2018,Full OA,20,9,0
HN,2018,Hybrid,108,3,0
GP,2018,Hybrid,47,5,0
PF,2018,Hybrid,44,5,0
GT,2018,Full OA,106,26,0
RW,2018,Full OA,89,68,0
LI,2018,Full OA,8,4,0
SX,2018,Full OA,1,1,0
OM,2018,Full OA,319,132,0
GU,2018,Full OA,17,12,0
MR,2018,Full OA,10,10,0
KY,2018,Hybrid,16,1,0
SM,2018,Full OA,2,2,0
FJ,2018,Full OA,33,23,0
DO,2018,Hybrid,126,31,0
GF,2018,Hybrid,46,2,0
SO,2018,Hybrid,34,2,0
SS,2018,Full OA,106,25,0
CD,2018,Full OA,68,49,0
NE,2018,Hybrid,119,13,0
XK,2018,Hybrid,250,14,0
GM,2018,Hybrid,37,14,0
BI,2018,Hybrid,126,12,0
SZ,2018,Hybrid,26,4,0
TG,2018,Hybrid,153,13,0
BT,2018,Full OA,31,16,0
MQ,2018,Hybrid,44,3,0
BS,2018,Hybrid,33,3,0
ST,2018,Full OA,19,3,0
PR,2018,Full OA,322,137,0
SV,2018,Full OA,95,6,0
GF,2018,Full OA,46,31,0
ST,2018,Hybrid,15,1,0
SL,2018,Full OA,21,11,0
AO,2018,Hybrid,45,5,0
GA,2018,Hybrid,65,4,0
PF,2018,Full OA,13,8,0
GD,2018,Full OA,20,15,0
ER,2018,Full OA,13,10,0
LR,2018,Full OA,11,7,0
GP,2018,Full OA,28,14,0
PW,2018,Full OA,2,0,0
DM,2018,Full OA,3,2,0
MV,2018,Full OA,12,9,0
SC,2018,Hybrid,9,0,0
SX,2018,Hybrid,7,0,0
LS,2018,Hybrid,34,4,0
SL,2018,Hybrid,32,6,0
VC,2018,Hybrid,4,1,0
ER,2018,Hybrid,39,7,0
GN,2018,Hybrid,41,5,0
AL,2018,Full OA,99,38,0
TM,2018,Hybrid,32,4,0
TG,2018,Full OA,47,30,0
CF,2018,Hybrid,20,1,0
LA,2018,Full OA,32,22,0
MF,2018,Hybrid,2,0,0
GW,2018,Hybrid,20,1,1
BS,2018,Full OA,4,2,0
GY,2018,Full OA,9,4,0
BZ,2018,Hybrid,10,3,0
AF,2018,Full OA,31,24,0
NA,2018,Full OA,23,20,0
GN,2018,Full OA,9,4,0
LC,2018,Hybrid,15,0,0
PW,2018,Hybrid,10,1,0
DM,2018,Hybrid,12,1,0
GI,2018,Hybrid,25,0,0
KP,2018,Hybrid,40,3,0
TD,2018,Hybrid,19,3,0
AW,2018,Full OA,3,2,0
GM,2018,Full OA,32,28,0
VA,2018,Hybrid,19,0,0
FM,2018,Hybrid,2,0,0
PG,2018,Full OA,11,6,0
LR,2018,Hybrid,21,2,0
IM,2018,Full OA,5,3,0
JE,2018,Full OA,1,0,0
AO,2018,Full OA,36,3,0
VI,2018,Hybrid,12,0,0
DJ,2018,Full OA,2,1,0
HT,2018,Full OA,8,6,0
KP,2018,Full OA,16,4,0
TL,2018,Hybrid,11,0,0
GL,2018,Hybrid,23,4,0
FO,2018,Full OA,10,9,0
MQ,2018,Full OA,12,6,0
CF,2018,Full OA,9,7,0
AW,2018,Hybrid,11,1,0
VI,2018,Full OA,4,2,0
IM,2018,Hybrid,11,0,0
FK,2018,Full OA,4,0,0
SR,2018,Hybrid,18,0,0
SJ,2018,Hybrid,8,1,0
SZ,2018,Full OA,13,9,0
SR,2018,Full OA,8,5,0
HT,2018,Hybrid,15,1,0
GI,2018,Full OA,1,1,0
TD,2018,Full OA,8,5,0
LS,2018,Full OA,10,7,0
CV,2018,Full OA,16,4,0
SJ,2018,Full OA,1,0,0
GL,2018,Full OA,18,13,0
TM,2018,Full OA,3,1,0
BZ,2018,Full OA,4,2,0
SO,2018,Full OA,7,3,0
BM,2018,Hybrid,6,1,0
TO,2018,Hybrid,3,1,0
BB,2018,Full OA,21,6,0
VU,2018,Hybrid,8,0,0
KI,2018,Hybrid,1,0,0
CV,2018,Hybrid,7,0,0
MF,2018,Full OA,1,0,0
AX,2018,Hybrid,2,0,0
FK,2018,Hybrid,9,0,0
VU,2018,Full OA,1,1,0
SM,2018,Hybrid,8,0,0
DJ,2018,Hybrid,9,0,0
BM,2018,Full OA,3,3,0
KY,2018,Full OA,3,1,0
SC,2018,Full OA,3,2,0
BQ,2018,Hybrid,1,0,0
MS,2018,Full OA,1,0,0
TL,2018,Full OA,4,1,0
MP,2018,Full OA,2,1,0
AS,2018,Hybrid,3,0,0
TC,2018,Hybrid,1,1,0
AD,2018,Hybrid,1,0,0
AD,2018,Full OA,1,0,0
VA,2018,Full OA,4,0,0
JE,2018,Hybrid,3,1,0
VC,2018,Full OA,1,0,0
